Report,EntityType,Class,RequirementUse,SourceAuthority,RequiredFields,CurrentStatus,Print,PDF,XLSX,CSV,MissingFields,FormattingIssues,DataIssues,ComplianceRisk,Severity,RecommendedFix,TestCase
Trial Balance,Cooperative societies (all SocietyType values); Registered Society (1860 Act) NOT supported,STATUTORY-claimed / AUDIT-USEFUL,Books-of-account summary; audit working paper,"Internal only: AUDIT_NCDC_Compliance_Report.md (AI-authored internal audit citing NCDC Annexure I; annexure text not in repo) -> EXTERNAL VALIDATION NEEDED",Society name; reg no; FY; as-on date; opening/period/closing Dr-Cr; totals; signatures,Two-section layout implemented (TrialBalance.tsx:60-66; pdf.ts:398-494),PDF only,Yes,Yes,Yes,Period column is cumulative since inception not FY period (A-01); no GL code column in PDF,'Debit (period)' header misleading; PDF filename omits as-on date; Hindi names not in PDF,Cumulative basis; <Rs1 imbalance shown as Balanced (TrialBalance.tsx:77; pdf.ts:477),Medium-High,HIGH,Add FY-start lower bound or close nominals at rollover; make tolerance 0.005; add as-on date to filename,Fixture: 2 FYs of vouchers -> TB as-on FY2 end must show FY2 period movement only; imbalance of Rs0.50 must flag NOT balanced
Balance Sheet,Cooperative societies; Registered Society NOT supported,STATUTORY-claimed,Statement of affairs as at FY end,Internal only: AUDIT_NCDC_Compliance_Report.md (Annexure IV) -> EXTERNAL VALIDATION NEEDED; state schedules in src/lib/stateAuditFormats.ts (unverified vs Act),Liabilities/assets groups; PY column; net surplus; signatures; auditor certificate,Grouped audit format w/ PY; PDF blocked when unbalanced,PDF only,Yes,Yes,Yes,Unposted closing stock row missing in CSV/XLSX; PY column missing in CSV/XLSX; schedules to BS separate (AuditSchedules),PDF title hardcoded 'As at 31st March 20YY' even if as-on picker changed (pdf.ts:652); PDF PY uses snapshot while screen uses computed PY,Tolerance <1 (BalanceSheet.tsx:145); cumulative surplus; synthetic '[Deleted]' rows for group-account postings,Medium-High,HIGH,Pass as-on date into PDF; export parity with screen; block XLSX/CSV or watermark when unbalanced,Set asOn=2025-09-30 then export PDF -> title must show 30 Sep; CSV grand total must equal sum of rows
Income & Expenditure / Profit & Loss,Cooperative societies; Registered Society NOT supported,STATUTORY-claimed,Annual operating statement,Internal only: AUDIT_NCDC_Compliance_Report.md (Annexure III) -> EXTERNAL VALIDATION NEEDED,Income/expenditure heads; surplus/deficit c/d; PY comparative; appropriation shown separately,Screen has PY + appropriation notes; PDF has neither,PDF only,Yes,Yes,Yes,PY column and appropriation section absent from PDF; trading societies should read 'Profit & Loss A/c' (statements.ts:36-40) but page title fixed,Title not capability-driven,"Current figures cumulative since inception while PY is a delta (ProfitLoss.tsx:35 vs 46); appropriation matched by narration.includes(FY) (ProfitLoss.tsx:62-66)",High,HIGH,"Bound current I&E to FY start; unify PDF/screen; appropriation by structured ref not narration",2-FY fixture: FY2 I&E must exclude FY1 income; PDF must contain PY column when screen does
Receipts & Payments,Cooperative societies; Registered Society NOT supported,STATUTORY-claimed,Cash-basis statement (opening + receipts = payments + closing),Internal only: AUDIT_NCDC_Compliance_Report.md (Annexure VII) -> EXTERNAL VALIDATION NEEDED,Opening cash/bank; capital vs revenue receipts/payments; closing; PY,Implemented with capital/revenue split,PDF only,Yes,Yes,Yes,No as-on/period picker; PY column absent in PDF/CSV,PDF header FY only,Called with no date (ReceiptsPayments.tsx:23) -> includes vouchers dated after FY end and prior years; float totals on page,High,MEDIUM,Add period selector defaulting FY start..end; compute totals in minor units,Voucher dated FY+1 must not appear in FY R&P
Trading Account,Societies with inventory_sales; not applicable to service societies,STATUTORY-claimed,Gross profit statement for trading societies,Internal only: AUDIT_NCDC_Compliance_Report.md (Annexure II/V) -> EXTERNAL VALIDATION NEEDED,Opening stock; purchases; direct exp; sales; closing stock; gross profit; activity-wise,Combined A/c in PDF; activity-wise on screen only,PDF only,Yes,Yes,Yes,Activity-wise breakdown missing from PDF/XLSX/CSV; no as-on picker,Closing stock label mixes ledger vs physical,Opening stock = ledger openingDebit of 3400 only (DataContext.tsx:5456-5459) not StockItem.openingStock; closing = ledger net if non-zero else physical (5449-5453); posted-journal detection by narration.includes(FY) (5435-5446),High,HIGH,Unit-test getTradingAccount with fixture; define one stock rule (RULE 2); structured flag for closing-stock journal,Opening stock 100 on 3403 + posted closing 150 -> GP must reflect closing-opening=50 not 150
Cash Book,Cooperative societies,AUDIT-USEFUL (statutory register wording per State Rules - EXTERNAL VALIDATION NEEDED),Primary book of cash,No in-repo authority,Date; voucher no; particulars; receipt; payment; running balance; opening/closing,Filtered view shows wrong opening/closing,PDF only,Yes,Yes,Yes,No page totals; no day-wise closing,Hindi columns जमा/नाम map Dr receipts to जमा - verify convention,Opening = raw account.openingBalance ignoring Dr/Cr type + branch scope + fromDate; closing = current all-time balance (CashBook.tsx:39-47),High,HIGH,Use context opening-as-of-fromDate and closing = last running balance,Filter 2025-06-01..06-30 -> OB must equal balance at 05-31 and closing = last row
Bank Book,Cooperative societies,AUDIT-USEFUL,Primary book of bank,No in-repo authority,Date; voucher; particulars; deposit; withdrawal; balance; bank selector,No date filter at all,PDF only,Yes,Yes,Yes,Date filter; cheque no/clearing columns (card text claims 'cheque details'),Export headers say Receipt (Dr)/Payment (Cr) while UI says Deposit/Withdrawal,Opening raw & unsigned (overdraft shown as +); closing = all-time (BankBook.tsx:44-45),Medium,HIGH,Same as Cash Book + add date filter,Bank with credit (overdraft) opening must show negative opening
Day Book,Cooperative societies,AUDIT-USEFUL,Chronological voucher listing with day totals,No in-repo authority,Date; voucher; accounts Dr/Cr; narration; daily opening/closing cash,PDF opening cash wrong; includes rejected/pending,PDF only,Yes,Yes,Yes,Bank balances not in PDF,Print CSS only,PDF pre-period loop iterates the already-filtered list so no pre-period vouchers counted (pdf.ts:1380-1387) -> opening = account opening only; screen uses raw vouchers incl rejected (DayBook.tsx:85),High,HIGH,Pass computed opening to PDF; use activeVouchers,Day Book PDF for month 2 must open at month 1 closing cash
General Ledger,Cooperative societies,AUDIT-USEFUL (auditors need account statements),Account-wise statement,No in-repo authority,Date; voucher; particulars; Dr; Cr; running balance Dr/Cr,OK; float running balance,PDF only,Yes,Yes,Yes,Other-side account only in particulars,PDF English only -> Devanagari narration garbled,Uses raw vouchers not activeVouchers (Ledger.tsx:67-69) -> differs from TB under maker-checker,Medium,MEDIUM,Use context activeVouchers; embed Devanagari font,Reject a voucher -> ledger must exclude it like TB
Voucher Register,Cooperative societies,AUDIT-USEFUL,Register of vouchers,No in-repo authority,Voucher no; date; type; Dr/Cr accounts; amount; narration; status,Export lacks status/FY filter,Per-voucher PDF,Partial,Yes,Yes,Approval status; created-by; lines for multi-line vouchers; date filter,Filenames vouchers.csv.csv / vouchers.xlsx.xlsx,Exports include rejected/pending vouchers (Vouchers.tsx:524),Medium,MEDIUM,Add status/date columns; fix filename,Export with a rejected voucher -> must be marked or excluded
Deleted Vouchers Register,Cooperative societies,AUDIT-USEFUL (audit trail),Cancelled-voucher log,No in-repo authority,Voucher; reason; deleted by/at,OK,No,No,Yes,Yes,Reversal linkage; restored-by,Double extension filenames,none found,Low,LOW,Fix filenames,-
Bank Reconciliation,Cooperative societies,AUDIT-USEFUL (auditors request BRS),BRS as on date,No in-repo authority,Book bal; uncleared deposits/cheques; statement bal; difference; sign-off,PDF BRS statement; no data export,PDF only,Yes,No,No,CSV/XLSX export of lists,none,clearedDate ignored -> back-dated BRS wrong; raw vouchers; opening ignores branch scope (BankReconciliation.tsx:104-142),Medium,MEDIUM,Treat voucher cleared only if clearedDate <= asOfDate,BRS as-of 31 Mar with item cleared 5 Apr must list it uncleared
Fund Statement,Housing societies only,AUDIT-USEFUL,Sinking/repair fund statement,No in-repo authority,Opening; contributions; interest; utilisation; closing,Works,No,No,No,Yes,PDF/XLSX,none,Excludes isDeleted only (lib/funds.ts:55),Low,LOW,Add PDF,-
Statutory Reconciliation (PF/ESI),Societies with payroll,MANAGEMENT-INTERNAL,Monthly PF/ESI challan tie-out,No in-repo authority (rates in PF_ESI_DEFAULTS),Count; gross; PF Emp/Er; ESI Emp/Er,Display only,No,No,No,No,Ledger tie (PF payable GL vs challan); export,Labour uses defaults not actuals,Labour side computed from defaults vs salaried from records (StatutoryReconciliation.tsx:24-31),Medium,MEDIUM,Reconcile to GL balances; add export,-
Multi-Society Consolidation,Any (admin),MANAGEMENT-INTERNAL,Combined summary of up to 6 branch backups,No in-repo authority,Per-branch assets/liabilities/equity/income/exp,Summary only,No,Yes,Yes,Yes,Inter-society elimination; FY consistency check; TB-balance check,Whole-rupee rounding in exports (fmtNum Math.round),Mixed FYs allowed (line 249); duplicate detection by filename only (line 447); ignores approval status,Medium,MEDIUM,Validate same FY + balanced TB; dedupe by society id+backup hash,Two backups of same society with different filenames must not double count
Federation / Registrar Annual Return,Cooperative societies (nav: procurement_msp capability),STATUTORY-claimed,Annual statistical return,None in repo for the format -> EXTERNAL VALIDATION NEEDED,8 numbered sections,Generated,No,Yes,Yes,Yes,Format authority; state-specific return formats,Numbers exported as formatted text,Raw vouchers (FederationReport.tsx:55); appropriation via narration (172-177),High,HIGH,Obtain Registrar/federation format; map fields,CA/Registrar sign-off on layout
NABARD / DCC Credit Report,PACS/lending societies,STATUTORY-claimed,NPA classification + loan portfolio + working capital,None in repo for thresholds -> EXTERNAL VALIDATION NEEDED,NPA classes; portfolio; member credit; working capital,Generated,No,Yes,Yes,Yes,GL tie of loan balances; as-on date; asset-class definitions,Numbers exported as formatted text (NabardReport.tsx:154),Hardcoded 90/365/1095 day buckets (NabardReport.tsx:64-67); today-only,High,HIGH,Source IRAC/NABARD circular; add as-on date and GL tie,Loan 100 days overdue -> verify class vs circular
Audit Certificate,Cooperative societies,STATUTORY-claimed,Auditor's report/certificate,None in repo -> EXTERNAL VALIDATION NEEDED,Society details; financial summary; observations; classification; signature,Cash/Bank default Rs0,Browser print,Yes,Yes,Yes,Audit classification rules; period; objections link exists,PDF English only,Own balance function sign-inverted -> cash/bank default 0 (AuditCertificate.tsx:49-65 & 88-89) and uses raw vouchers,High,HIGH,Use getAccountBalance; show ledger value and flag manual override,Cash Dr 50000 -> certificate must show 50000
Comparative columns,Cooperative societies,AUDIT-USEFUL,PY comparison,No in-repo authority,PY amount; variance; %,Screen computed; PDF snapshot,No,Partial,No,No,PDF/CSV parity,none,Prior-end = 31 Mar of FY first year via cumulative TB; relies on single cumulative dataset,Medium,MEDIUM,Use same source in PDF,-
Appropriation of surplus,Cooperative societies,STATUTORY-claimed,Appropriation of net surplus to reserves/funds,Internal only (AUDIT_NCDC C-10) -> EXTERNAL VALIDATION NEEDED; engine rules/appropriation.ts,Reserve; education; dividend; undistributed c/d,Section on I&E page; no standalone A/c,No,No,Yes,Yes,pl_appropriation statement (statements.ts:38) has no page; absent from PDF,Fixed 1% indicative education fund in UI (ProfitLoss.tsx:78-80),Narration.includes(FY) matching,Medium,MEDIUM,Build standalone appropriation statement from structured appropriation vouchers,-
"Form 1 - Register of Members","Cooperative only","STATUTORY","Legal record of members; basis of voting/dividend/quorum","docs/research/TASK2.3-COOP-ACCOUNTING-REGISTERS.md:46 (MCS Rule 32 Form I - Maharashtra; marked [NV per state]). Haryana/other state Form number: EXTERNAL VALIDATION NEEDED","Name; address; occupation; shares held; admission date; cessation date; nominee","Exists - generic 'FORM - 1' label","No button (print CSS only)","Yes A3","Yes","Yes","Occupation; cessation/resignation date and reason (members.statusChangedAt/statusReason exist but not exported); nominee address; additional nominees (members.nominees[]); caste/age; entry fee","Hindi names unreadable in PDF (Helvetica only); 'Form 1' number asserted without a source; Excel/CSV write '-' strings into numeric columns (Shares)","Status filter offers only active|inactive so resigned/expelled/deceased appear as 'Inactive' with no date; default filter hides ex-members; no branch filter","Register cannot show who ceased to be a member and when; audit/RCS inspection finds incomplete Form","HIGH","Add cessation date/reason columns, an 'all statuses' register with real status text, additional nominees, register Devanagari font; confirm Form number per state with the Registrar's prescribed format","Create members with each of 5 statuses; export Form 1 'All'; assert status text and cessation date appear for resigned/expelled/deceased"
"Share Register (member-level)","Cooperative only","STATUTORY","Share capital held/allotted per member; ties to Balance Sheet share capital","TASK2.3:47 (MCS Form J - Maharashtra [NV per state])","Member; certificate no.; number of shares; value; allotment date; transfer/cancellation","Exists","No","Yes (landscape)","No","CSV only for share-transaction tab","Allotment date per allotment; certificate status (issued/reissued/cancelled, fields exist ECR-16); transfers in the register itself; calls unpaid; additional nominees","Hindi names unreadable; screen currency uses hi-IN formatting while PDF uses 'Rs.'","PDF is passed ALL members (pending/rejected applicants, resigned, expelled) while screen totals use approved only, so PDF total capital differs from screen total; no FY/branch scope","Printed Register of Members and Share Capital certified true by Secretary can include non-members and not tie to the Balance Sheet","HIGH","Pass the same filtered set to PDF as the screen; add status/cessation columns; add reconciliation line to ledger control 1102","Create pending member with capital 1000; compare screen total vs PDF total"
"Share Transaction Register","Cooperative only","STATUTORY-ADJACENT","Issue/refund/transfer trail of share capital","TASK2.3:47-48","Date; voucher; member; type; in/out; narration","Exists as a tab","No","No","No","Yes","Share count (units) per transaction; certificate numbers; transferor/transferee names","Hard-coded accounts 1102/9999","All FYs mixed; no FY/date/branch filter; a custom/merged share account is missed","Transfer premium/ceiling not visible","MEDIUM","Add date/FY filter and units; resolve share account by subtype 'share_capital' not literal 1102","Rename account id via mergeAccounts then reload; transactions disappear"
"Member Share Ledger ('Passbook')","Cooperative only","AUDIT-USEFUL","Per-member share account statement for member signature","TASK2.3:46-47; docs/research/TASK4.4-MEMBER-MANAGEMENT-BLUEPRINT.md (not opened in detail)","Date; voucher; particulars; Cr/Dr; running balance","Exists - titled 'Member Share Ledger', file named MemberPassbook_*","No","Yes","No","No","Loan, deposit, interest, dividend, admission-fee sections (not a true passbook)","Hindi member name/address unreadable in PDF","Opening share capital row is dropped as soon as ONE share voucher exists (starts at 0 'voucher covers it') so ledger balance can omit a migrated opening and differ from members.shareCapital","Member signs a balance that omits opening capital","MEDIUM","Show opening row whenever scalar capital exceeds voucher total and flag via getMemberShareReconciliation","Member with shareCapital 1000 and no voucher, then add one 500 voucher; ledger shows 500 not 1500"
"Nomination Register","Cooperative only","STATUTORY-ADJACENT","Nominee record for settlement on death/exit","State Act/bye-laws - no source in repo: EXTERNAL VALIDATION NEEDED","Member; nominee name, relation, age, address; share of benefit","Exists","No","Yes","Yes","Yes","Multiple nominees with share % (Member.nominees[], nomineeUtils.ts); nominee address/age/father name; date of nomination; witness","Hindi unreadable in PDF","Exports use activeMembers and ignore the on-screen search/filter; edit dialog writes only legacy nomineeName/Relation/Phone so Member.nominees[] primary can diverge from what the register shows","Register shows one nominee while member form holds several with percentages; inactive members' nominations unavailable","HIGH","Read/write nominees[] (primary + additional); export the filtered view; include inactive/deceased","Member with 2 nominees 60/40; open register; assert both shown"
"Share & Nomination Register (housing flat-level)","Cooperative - Housing","STATUTORY-ADJACENT","Share certificate and nominee per flat","Housing bye-laws - no source in repo (docs/research/TASK2.3:48 transfer register [NV])","Flat; owner; certificate no; shares; face value; nominee","Exists","No","Yes","No","No","Joint holders; certificate date; transfer reference","Hindi unreadable","Shares/face value live on HousingFlat, not on the share-capital ledger; member-level Share Register shows a second figure; total never reconciled to 1102","Two registers show different share capital for the same society","MEDIUM","Single source (member or flat) or add reconciliation row","Edit flat shares to 10, member capital stays 5000; compare totals"
"Loan Register","Cooperative with 'lending' capability","STATUTORY","Record of loans, repayments, overdue, NPA","TASK2.3:57 (NABARD CAS / RBI-NABARD norms - NV)","Borrower; type; sanction; disbursement; rate; schedule; repaid; overdue; NPA class; security; guarantors","Exists","No","Yes","No (Export Center raw only)","No","Sanction date/authority; guarantors; installment schedule; overdue days; NPA category; interest outstanding; DCB columns; security (field exists but not printed)","Hindi unreadable; types abbreviated S/T M/T L/T","PDF passes ALL loans ignoring on-screen status/search filter; status 'overdue' is a manually chosen dropdown value, never derived from dueDate; unknown member prints a raw UUID","Overdue and NPA not detectable from the register; loans past due appear 'active'","HIGH","Derive overdue/NPA from dueDate and repayments; add interest-outstanding and security columns; honour filters in export","Loan with dueDate in the past and status active; assert register flags overdue"
"Loan Interest Calculation","Cooperative with 'lending'","AUDIT-USEFUL","Interest accrual on member loans","No statutory source in repo (formula is simple interest 365-day)","Loan; outstanding; rate; days; interest","Exists","No","Yes","Yes","Yes","Per-member interest receivable sub-ledger; opening interest due; penal interest","Hindi unreadable","Days = end minus start (not inclusive) so a calendar month loses 1 day; interest on TODAY's outstanding not time-weighted; no clamp to disbursement/closure date; only status==='active' loans accrue so overdue loans stop earning; overlap guard is narration.includes(fromDate); posts ONE journal with no memberId; no fyLocked check on page","Income and interest receivable misstated; accrual here Dr 3313/Cr 4408 while LoanRegister.recordRepayment credits interest straight to 4408 so income double counts and 3313 never clears","CRITICAL","Compute per loan by day-balance between max(from,disbursement) and min(to,closure) inclusive; include overdue loans; settle receipts against 3313; reject overlapping periods by period key not text","Loan 100000 @12% for Apr 1-Apr 30 expect 986.30 (30 days); accrue then repay interest; 3313 must net to zero and 4408 count once"
"KCC / Crop Loan Register","Cooperative with 'lending' (PACS)","STATUTORY-ADJACENT","Crop-loan sanction, drawal, repayment","NABARD/State - no source in repo: EXTERNAL VALIDATION NEEDED","Member; crop; season; land area; sanctioned; drawn; repaid; due date; interest subvention","Exists","No","Yes","Yes","Yes","Interest subvention (IS/PRI) tracking; land/khasra no; insurance (PMFBY); overdue/NPA","Hindi unreadable","accounts.find picks id 3313 OR any name containing 'kcc'/'crop loan': in the default chart 2305 'KCC / Crop Loan (DCCB)' (a LIABILITY) matches first so a member KCC disbursement debits the DCCB borrowing; 3313 is Member Loan Interest Receivable; voucher failure swallowed by empty catch and loan row still saved; no fyLocked check on disbursement; direct supabase write bypasses audit trail","Balance Sheet understates borrowings and loans; register and GL diverge silently (RULE 1)","CRITICAL","Resolve loan head explicitly (asset account configured per society), fail the whole save if voucher not posted, add fyLocked/period-lock check, route through DataContext","Disburse KCC loan 50000; assert Dr is an ASSET account and 2305 unchanged"
"Deposits (SB/FD/RD/Pigmy)","Cooperative with 'deposit_ledger'","STATUTORY-ADJACENT","Member deposits liability register; interest; TDS 194A","Income-tax s.194A (lib/rules/tax.ts:268 threshold rule exists but is not applied here); deposit register TASK2.3 [NV]","Account no; depositor; type; rate; maturity; interest paid; TDS deducted","Exists","No","No","No","Raw entity only","Passbook, FD receipt, maturity/interest certificate, deposit register print; TDS 194A on interest; nominee on account","n/a","Interest posts Dr 5604 / Cr liability with no TDS computation; deposit_transactions upsert failure only console.warn (balance rolled back but txn row lost)","Interest paid without TDS deduction where thresholds exceeded; no printable deposit register","HIGH","Add deposit register/passbook outputs; apply 194A rule engine at interest posting; roll back or toast on txn sync failure","Post interest 60000 on a member FD; assert TDS line or warning"
"Asset Register (Property Register)","Cooperative","STATUTORY","Fixed assets with cost, depreciation, disposal","TASK2.3:68 (MCS Rule 65 property register [NV per state])","Asset id; description; location; cost; date; depreciation; WDV; disposal","Exists","No","Yes","No","No","Disposal date/proceeds columns; method (SLM/WDV); residual value; physical verification date; title/survey no","Header hard-codes 'Depreciation Method: SLM'; column 'Dep%' shows rate only","pdf.ts calcBookValue = simple SLM using TODAY's date and ignores WDV, residual value, depreciationPostedFY and disposal; screen uses FY-based calcAccumDep; disposed assets stay in totals","Printed WDV differs from screen, Depreciation Schedule and Balance Sheet (RULE 2); auditors reconcile three numbers","HIGH","Make PDF call the same lib/depreciation functions with society FY; exclude/flag disposed; print method","WDV asset bought 2023-24; compare PDF Book Value vs screen"
"Depreciation Schedule","Cooperative","AUDIT-USEFUL","Category-wise gross/accumulated/net block roll-forward","TASK2.3:69 [Practice/NV]; rates lib/depreciationRateMaster.ts:1-9 states 'commonly-used cooperative/SLM defaults' - NO statutory source","Opening WDV; additions; deductions; depreciation; closing WDV","Exists (WDV format only)","No","Yes","Yes","Yes","Gross block and accumulated depreciation columns (opening/for year/on disposals/closing); additions split by half-year (>180 days); disposal proceeds","Hindi unreadable","Deductions = cost of ALL disposed assets of any year (not disposals in the FY) while opening includes prior-year-disposed assets; assets disposed in the year receive no part-year depreciation; accumulated depreciation of disposals not removed","Closing WDV will not tie to ledger/Balance Sheet in a year following any disposal","HIGH","Compute deductions only for disposalDate in FY and remove their accumulated depreciation; add gross-block format","Dispose asset in FY1, open FY2 schedule; deductions must be 0 in FY2"
"Audit Rectification Register","Cooperative","STATUTORY","Objections raised in audit and their rectification; follow-up to Registrar","TASK2.3:110 (MCS Rule 65; commonly within 3 months of AGM - NV)","Objection no; audit year; para; amount; action taken; date rectified; status; remarks","Exists","No","Yes","No","No","Remarks; Registrar follow-up/report date; responsible officer; linked audit report","Objection text truncated to 60 chars and action to 40 chars in PDF; status colour set in didDrawCell never reset","Add/update/delete blocked entirely when society.fyLocked (audit-lock) although audit happens after year end; no filter in PDF","Auditor cannot record or close objections for a locked year; truncated register is not a faithful record","HIGH","Allow 'auditNote' permission to write while FY is locked; print full text with wrapping; add Excel/CSV","Lock FY, add objection; expect allowed for auditor role"
"Audit Schedules (state format)","Cooperative; 9 states mapped, others fall back to 'Multi-State Cooperative Societies Act 2002'","STATUTORY-CLAIMED","Schedules to accounts in state audit format","None in repo for state Act section numbers/forms ('Sec 63-68', 'Form-S', 'Form 6-A', 'Form-14', 'Sec 65(2)' appear only as code comments/notes) - EXTERNAL VALIDATION NEEDED","Per-state prescribed schedules","Exists","No","Yes","Yes","Yes","Real state-specific schedule sets (all states except UP/Bihar reuse Haryana schedules); remaining 19+ states; notes to accounts narrative; accounting policies","All labels English in PDF","Education/Coop-dev fund % in computed rows hard-coded 1%/3% (stateAuditFormats.ts:176-177) while cover page prints format.educationFundPct (Kerala 5, Gujarat 2); auditor certificate defaults state to 'hr' but screen/schedules default to generic; previous-year sign convention not flipped like current year; hard-coded account IDs miss custom heads","Wrong act named on certificate for unmapped states; fund percentages printed on same PDF disagree with computed amounts","HIGH","Obtain per-state schedule texts and cite them; drive computed funds from format percentages; use one default; add unmapped-state warning","Society in Tamil Nadu: assert PDF warns 'format not configured'"
"Profit Distribution / Dividend","Cooperative","STATUTORY","Appropriation of net surplus then dividend/bonus; dividend within cap and after statutory reserve","lib/rules/ucas.ts values marked [NV per state] (reserve 25, education 5, dividend cap 15); AUDIT_NCDC_Compliance_Report.md:187 claims a 'Section 65 gate' that no longer exists in the page","Net surplus; reserve; education; dividend rate <= cap; member-wise dividend; AGM sanction","Exists with TWO paths: legacy waterfall and feature-flagged StatutoryAppropriationPanel (cap + AGM attestation)","No","Yes","Yes","Yes","Dividend cap check on legacy path; AGM resolution reference; TDS on dividend; unpaid-dividend register","Hindi unreadable","Legacy path: reserve/education optional, no 15% cap, no AGM authority, posts dated today (not FY end), duplicate check by narration text; dividend on current capital not time-weighted; settlement split recomputed from current capital with per-member rounding that may not sum to posted amount; success toast shown even when addVoucher returned the blocked dummy voucher","Dividend can be paid without reserve, above cap, without AGM; education fund default 1% (legacy) vs 5% (ucas rule); double appropriation possible across the two paths","CRITICAL","Disable legacy path when statutory path enabled (or remove); freeze per-member amounts at posting; check addVoucher result id; date posting at FY end/AGM date","Net surplus 100000; post dividend 20% w/o reserve; expect refusal"
"Reserve Fund / Appropriation page","Cooperative","STATUTORY","Statutory reserve and funds from surplus","lib/rules/ucas.ts:11 [NV per state]","Reserve >= statutory %; education fund; other funds","Exists","No","No","No","No","Any printable appropriation statement; carry-forward of prior losses before appropriation","n/a","Page banner states appropriation is 'entirely optional' including statutory reserve; vouchers dated today not FY end; one journal per fund (non-atomic); success toast ignores blocked vouchers","Statutory reserve can be skipped; appropriation booked into a later FY","HIGH","Make reserve mandatory (or block distribution), use FY-end date, post atomically","Post with reserve 0%; expect warning/refusal"
"Fund Register","Cooperative","STATUTORY-ADJACENT","Fund-wise corpus, interest, utilisation with resolution reference","State Act/bye-laws - EXTERNAL VALIDATION NEEDED","Fund; opening; contribution; interest; utilisation; closing; resolution no","Exists","No","No","No","No","Any print/export; FY filter","n/a","All-time statement, no FY scope","Funds statement cannot be handed to auditor","MEDIUM","Add PDF/XLSX with FY filter","Open fund with two FYs of movements; no export control present"
"Meeting Register (minute books)","Cooperative","STATUTORY","Minute book of general and committee meetings","TASK2.3:104-109 (MCS Rule 65 minute books [NV per state])","Date; type; venue; agenda; attendees (names); quorum; resolutions (full); chairman signature","Exists","No","Yes","Yes","Yes","Attendee names/attendance register, quorum, proposer/seconder, chairman and secretary signature lines, resolution numbers","Resolutions truncated to 60 chars in PDF; attendees is a count string","Meeting number = count of same-type this calendar year + 1 so a deletion duplicates numbers; hard DELETE (dbDelete) erases minutes; direct page-level supabase write bypasses audit log and FY lock","Minute book entries can be destroyed and numbers repeat","HIGH","Soft-delete with audit trail, server-issued numbers, full-text print, attendance list, signature block","Create 3 meetings, delete #2, add one; number must be unique"
"Election Module","Cooperative","STATUTORY-ADJACENT","Record of election of office-bearers","State Act/Election Authority - EXTERNAL VALIDATION NEEDED","Election no; post; nomination deadline; candidates; votes; winner; returning officer","Exists","No","Yes","Yes","Yes","Voter list/roll, returning officer, notice dates, result declaration, term start","Hindi unreadable","Number = elections.length+1 (duplicates after delete); id from Date.now(); status computed only at creation and never refreshed; votes entered manually","Electoral record not defensible","MEDIUM","Server numbering; derive status from dates; link to voter roll","Create election with future date; advance date; status stays 'upcoming'"
"Board of Directors / Signing Authority","Cooperative","STATUTORY-ADJACENT","Managing committee and term; also signatory names on every PDF","Bye-laws/State Act - EXTERNAL VALIDATION NEEDED","Name; designation; term from/to; resolution no; signing authority","Exists","No","No","No","Yes","PDF/print; election/co-option reference; disqualification","n/a","boardMembers stored as JSON inside society settings via updateSociety; hard remove; term expiry does not stop a signatory printing on reports","Reports signed by expired-term office-bearers","MEDIUM","Warn when signatory term expired; keep history","Set termTo in the past; print Trial Balance; signatory still printed"
"Advance Register","Cooperative - Labour","STATUTORY-CLAIMED in page subtitle","Record of advances to workers/staff","Not sourced (TASK2.3:59 Advance Register is [Practice])","Date; payee; purpose; amount; recovered; balance","Exists (labour worker advances only)","Yes (browser print)","No","No","No","Society reg no, FY, as-on date, member/staff/supplier advances (not only labour), page numbers","Header prints only society name","Unknown worker shown as 'Unknown'","Page text claims statutory register without a source","LOW","Remove 'statutory' claim or source it; add header fields","Print register; no FY/reg no on page"
"Outstanding Register (housing arrears)","Cooperative - Housing","MANAGEMENT-INTERNAL","Arrears ageing and demand notice","Interest default 21% has no source in repo: EXTERNAL VALIDATION NEEDED","Flat/member; bill; ageing; interest","Exists","No","Demand notice only","No","No","Print/export of ageing table","Hindi unreadable in notice","Default rate '21' hard-coded; interest posts on user click","Wrong interest may be demanded from members","MEDIUM","Make rate a society setting with cap citation","n/a"
"Bills Outstanding","Cooperative (trading)","AUDIT-USEFUL","Bill-wise receivable/payable ageing","none","Party; bill; date; days; balance","Exists","No","No","Yes","Yes","PDF/print; society header on exports","Exports have no society/FY/as-on header","'As of' date only changes age; open balance computed to today (billUtils.getOpenBills has no asOf), so back-dated reports are wrong; filenames lack society","Back-dated ageing for audit cut-off is wrong","MEDIUM","Pass asOf into settlement map (ignore vouchers after asOf)","Receipt posted after asOf; report as of earlier date still shows bill cleared"
"Aging Analysis","Cooperative","AUDIT-USEFUL","Debtor/creditor ageing","none","Party; buckets; total","Exists","No","Yes","Yes","Yes","Opening balances of sub-accounts; as-on date selector","Today captured at module load (stale across midnight)","Receipts/credits fall in the bucket of their own date so 0-30 can be negative and old buckets stay full (no FIFO/bill-wise); sub-account openingBalance ignored so total differs from Trial Balance","Ageing misstates overdue; totals do not tie to ledger","HIGH","Allocate credits oldest-first and include opening balance; add as-on date","Customer invoice 100 at 120 days, receipt 100 today; 91-180 bucket must be 0"
"Budget vs Actual","Cooperative","MANAGEMENT-INTERNAL","Budget monitoring","none","Account; budget; actual; variance","Exists","No","Yes","Yes","Yes","Revised budget; supplementary budget approval","Hindi unreadable","Actual = sum of line.amount with no Dr/Cr direction so returns/refunds/credit notes ADD to expense; budget saved by direct supabase write without FY lock","Variance reports overstated","MEDIUM","Net by side per account type","Post purchase return Cr 5101; expense actual must fall"
"Compliance Calendar","Cooperative","AUDIT-USEFUL","Due-date reminders for PF/ESI/TDS/GST/ITR/audit","None in repo - dates hard-coded in lib/complianceCalendar.ts:65-103; CA-VERIFICATION-2026-07.md is a TDS/salary questionnaire with blank answers, not a source for these dates","Return/due date/period/status","Exists","No","No","No","No","26Q (non-salary TDS), advance tax, GSTR-9, Form 16/16A, PT, AGM date, Registrar annual return, audit report filing; QRMP quarterly GST","n/a","GST assumed monthly (GSTR-1 11th, 3B 20th); no holiday/weekend shift; ITR 31 Oct and audit 30 Sep presented as fixed for all states; 24Q shown whenever TAN exists","Wrong or missing due dates shown to societies","HIGH","Source each date in a rule catalog with effective dates; add state-wise audit/AGM dates","Society on QRMP; assert quarterly dates"
"Flats Register / Housing registers (inventory)","Cooperative - Housing","MANAGEMENT-INTERNAL","Inventory only","n/a","n/a","Exists","No","No","No","Entity export","n/a","n/a","n/a","n/a","INFO","n/a","n/a"
"HAFED Annual Review P1-P9","Cooperative - Haryana marketing","STATUTORY-CLAIMED","Annual review proformas for HAFED","No source doc in repo (docs mention HAFED in COA research only)","Proforma 1-9 rows","Generators exist; report page deleted","No","Unreachable","No","No","Whole report (no route or nav entry)","'Matches HAFED format exactly' unverified","Dead code","Haryana marketing societies cannot file annual review from the product","MEDIUM","Decide: restore page with sourced formats or delete generators","grep: no importer of generateP1PDF"
"State audit formats module","Cooperative; 9 states","STATUTORY-CLAIMED","Per-state audit format registry","See Audit Schedules","See Audit Schedules","Exists","No","via schedules","via schedules","via schedules","See Audit Schedules","See Audit Schedules","See Audit Schedules","See Audit Schedules","HIGH","See Audit Schedules","See Audit Schedules"
"Registered Society (non-cooperative) support","Registered Society (Societies Registration Act 1860 / Trust)","STATUTORY","Not applicable to product today","No doc in repo","n/a","NOT SUPPORTED: no entity-type field; SocietyType (types/index.ts:1004) lists cooperative activity types only; all legal text says Cooperative Societies Act","No","No","No","No","Entity type; Income and Expenditure/Receipts and Payments formats for Registered Societies; trust/Section 8 variants","Legal wording on Form 1, application form, auditor certificate fixed to Cooperative Societies Act","n/a","A Registered Society using the product would print cooperative statutory wording","MEDIUM","Add legalForm field and swap statutory labels; or state scope in docs","Create society type 'other'; certificate still cites a cooperative Act"
"Sale invoice (Tax Invoice / Bill of Supply)","Cooperative (all SocietyType values); Registered Society (Societies Registration Act) NOT modelled","STATUTORY","GST invoice for taxable supply; Bill of Supply for exempt/unregistered","NONE IN REPO (CGST Rule 46 text absent) -> EXTERNAL VALIDATION NEEDED","Supplier name/address/GSTIN, invoice no (consecutive), date, recipient name/address/GSTIN, place of supply, HSN, description, qty, taxable value, tax rate+amount, signature","Generated per invoice; single invoice-level GST rate","No","Yes","No","No (list only: sales.csv)","Per-line HSN present but per-line tax rate/amount absent; reverse-charge flag; Original/Duplicate/Triplicate copies (hard-coded Original); supplier state printed as code; no e-invoice/IRN/QR","Devanagari names garble in helvetica; double extension on list export; seller state printed raw code (pdf.ts:2572)","Invoice-level cgstPct/sgstPct/igstPct only (types/index.ts:1308) so mixed-rate baskets cannot be represented; Bill-of-Supply text printed even if grand total includes tax when society has no GSTIN (pdf.ts:2540,2912)","Wrong/insufficient invoice particulars; misleading Bill of Supply wording","HIGH","Add per-line tax rate; show rate-wise tax table; block tax>0 when no GSTIN or print Tax-less; copy labels","Create 2-item invoice 5% + 18% -> PDF must show both rates; society without GSTIN with taxPct>0 -> expect block/warn"
"GST Summary - GSTR-1 JSON","Cooperative (all SocietyType values); Registered Society (Societies Registration Act) NOT modelled (GST-registered only)","STATUTORY","Outward supplies return","NONE IN REPO (GSTN GSTR-1 schema absent) -> EXTERNAL VALIDATION NEEDED","pos (state code), idt dd-mm-yyyy, rate-wise items, b2cs sply_ty INTRA/INTER+pos, hsn with rt, doc issue, nil/exempt, b2cl","JSON built; pos hard-coded to 09 (UP) because society.stateCode never exists in types; B2B only if customer.gstNo set; no B2CL/exp/nil/docs","No","Yes (summary tables)","Yes (summary)","No (slab only)","B2CL, nil/exempt/non-GST (Table 8), document-issued (Table 13), advances, RCM inward, TCS; hsn rate col","idt ISO yyyy-mm-dd; hash:""hash""; version GST3.0.4 outdated; hsn val = taxable value not invoice value","HSN summary reads (item as any).hsnCode but SaleItem has no hsnCode -> every row N/A; customers with gstin only (not gstNo) become B2C; ret_period from fromDate month even for full-FY range","JSON would be rejected or mis-file place of supply; HSN table empty","CRITICAL","Derive pos from buyer GSTIN/state via gstStates.ts; read hsn from stockItems; restrict export to one month; add B2CL/nil/docs","Haryana society with Haryana B2B invoice -> expect pos 06; FY range export -> expect error"
"GST Summary - GSTR-3B JSON/PDF","Cooperative (all SocietyType values); Registered Society (Societies Registration Act) NOT modelled (GST-registered only)","STATUTORY","Monthly summary return","NONE IN REPO -> EXTERNAL VALIDATION NEEDED","3.1(a-e), 3.2 inter-state supplies, 4 ITC (A,B,C,D), 5, 6.1 payment","3.1(a)(c) and 4(A)(5) filled; 3.1(d) inward RCM zero though lib/rcm exists; ITC OTH = all purchases","No","Yes","Yes","No","3.1(b) zero-rated, 3.1(d) RCM, 3.2, ITC blocked 17(5), Rule 42/43 reversals, interest/late fee","ret_period from fromDate only; default range is whole FY so annual totals go under April","Purchases from unregistered suppliers and blocked credits all counted in ITC; RCM computed in GSTR9 page but absent here","Over-claimed ITC; wrong return period","HIGH","Constrain to single month; add RCM into 3.1(d)/4A(3); ITC eligibility flag per purchase","Export with Apr-Mar range -> expect refusal"
"GSTR-9 Annual Return (draft)","Cooperative (all SocietyType values); Registered Society (Societies Registration Act) NOT modelled (GST-registered, turnover-threshold rules not in repo)","STATUTORY","Annual return (GSTR-9) - applicability thresholds EXTERNAL","NONE IN REPO -> EXTERNAL VALIDATION NEEDED","Tables 4,5,6 (6A-6O),7,8 (2A/2B recon),9,10-14,15-17 HSN","Only 4/6/7/9 headline lines","No","No","No","Yes (4 headline tables)","Tables 5,8,10-17, 6 sub-rows, 2A/2B reconciliation","Labelled Table 7 = debit notes (not a reversal table); JSON is GSTR9-DRAFT not GSTN schema","Returns not branch-scoped (GSTR9.tsx:49) while sales/purchases are; r2 float rounding (gstr9.ts:13) not money.ts; net liability simplified","Draft cannot be filed; branch mismatch vs GstSummary","HIGH","Rename as GST consolidation worksheet or implement real tables; branch-filter returns; use money.ts","Select branch B -> GSTR9 outward must equal GstSummary for same period"
"E-Way Bill JSON","Cooperative (all SocietyType values); Registered Society (Societies Registration Act) NOT modelled (GST-registered goods movers)","STATUTORY-SUPPORT","Generate EWB for consignments over Rs 50,000","NONE IN REPO (NIC schema absent) -> EXTERNAL VALIDATION NEEDED","userGstin, supplyType, docNo, docDate dd/mm/yyyy, from/to addresses, itemList productName/hsnCode/qtyUnit/rates, transMode, distance, vehicleNo","Pre-validation toast for pin/state/address; payload field names (name,hsn,qty,unit,taxable,gstRate) differ from NIC bulk upload names as I recall (UNVERIFIED)","No","No","No","JSON only","fromPlace, itemList rate fields per head, actualFromStateCode, HSN length","docDate ISO yyyy-mm-dd; transMode as number","HSN falls back to fabricated 9999 (EWayBill.tsx:131); fromPinCode fallback 000000 (145); purchase EWB uses OUR purchaseNo not supplier bill no (156); save failure only console.error (203)","Portal rejection; false HSN on statutory document","MEDIUM","Refuse when HSN missing; use supplier bill no for inward; toast on save failure (RULE 1); validate against NIC sample","Item without HSN -> expect block"
"TDS Register / Form 26Q text","Cooperative (all SocietyType values); Registered Society (Societies Registration Act) NOT modelled (TAN holders)","STATUTORY","Quarterly non-salary TDS statement","NONE IN REPO (NSDL RPU/FVU spec absent); docs/CA-VERIFICATION-2026-07.md is an UNANSWERED questionnaire","Deductor TAN/PAN/address, challan BSR/date/serial, deductee PAN/category, section code, amount paid date, tax deducted/deposited date, remarks","Home-grown pipe-delimited file; salary s.192 entries also exported into 26Q","No","No","Yes","Yes (register) / TXT","Deductee code (company/non-company), deposit date, lower-deduction cert, PAN-not-available handling, 194IA/194IB split (code maps 194I -> 4IB), 24Q segregation","Uses 1961 section numbers for FY 2026-27 (Act 2025 in force 1-4-2026 per CA-VERIFICATION-2026-07.md:7-12); warning toast only","Section hard-coded 194Q for every purchase TDS (TdsRegister.tsx:143); PAN taken from supplier.gstNo only (140); fake CH record BSR 0000000 for undeposited (tds26q.ts:123); salary rows in 26Q (TdsRegister.tsx:211,214)","File likely rejected by FVU; salary TDS in wrong form; stale sections","CRITICAL","Exclude s.192 from 26Q; per-entry section; PAN fallback to supplier.pan; build per NSDL spec and validate with FVU","Quarter with 1 salary + 1 purchase TDS entry -> 26Q must contain 1 DD"
"TDS Form 16A","Cooperative (all SocietyType values); Registered Society (Societies Registration Act) NOT modelled (TAN holders)","STATUTORY-LOOKING","Certificate of TDS to deductee","NONE IN REPO; statutory Form 16A is generated from TRACES -> EXTERNAL VALIDATION NEEDED","TAN, PAN, deductee PAN, quarter, challan BSR/date, certificate no, section, TRACES digital signature","Supplier-wise summary only","No","Yes","Yes","Yes","Deductee PAN, section, quarter, challan, certificate no, deductor address; FY 2026-27","Cites Section 203 of 1961 Act (TdsForm16A.tsx:111); FY list stops at 2025-26 (204); Rs symbol via Intl in helvetica (124)","Only purchase TDS (not salary / manual entries / challans) -> differs from TDS Register (RULE 2); groups by supplierName not id; Particulars = last 6 chars of internal id (89); CSV/Excel ignore supplier filter","Society may hand supplier a non-statutory certificate; amounts differ from Register","HIGH","Re-label as TDS statement; or link to TRACES; add FY 2026-27; source from same dataset as Register","Add manual 194C entry -> Form 16A must reflect or clearly exclude"
"Form 24Q summary","Cooperative (all SocietyType values); Registered Society (Societies Registration Act) NOT modelled","STATUTORY-SUPPORT","Quarterly salary TDS return basis","NONE IN REPO","Employee PAN, gross salary breakup, deductions Ch VI-A, TDS, challan details, Annexure II (Q4)","Per-employee gross+TDS CSV","No","No","No","Yes","Challan details, Annexure II salary breakup, taxable income, tax regime","Filename form24Q_2026-27_Q1.csv.csv","Gross = basic+allowances only (form24Q.ts:46); only legacy salaryRecords - new Payroll runs not included","Cannot be filed; may omit payroll runs","HIGH","Label as worksheet; merge new Payroll TDS; add Annexure data","Run payroll in /payroll -> 24Q summary must include it"
"Salary slip (legacy)","Cooperative (all SocietyType values); Registered Society (Societies Registration Act) NOT modelled","MANAGEMENT-INTERNAL","Employee payslip","NONE IN REPO (payslip format rules not sourced)","Breakup of PF/ESI/PT/TDS, days/LOP, PAN/UAN","Single Deductions lump","No","Yes","No","Partial (history)","PF/ESI/PT/TDS breakup (stored on SalaryRecord types/index.ts:1768-1773 but not printed), paid days, UAN/PAN","Devanagari names garble","n/a","Employee cannot see what was deducted; audit trail weak","MEDIUM","Print stored breakup; add UAN/PAN","Process salary with PF+TDS -> slip lists each"
"PF/ESI: ECR + ESI CSV","Cooperative (all SocietyType values); Registered Society (Societies Registration Act) NOT modelled (EPFO/ESIC establishments)","STATUTORY","Monthly ECR / ESI contribution upload","NONE IN REPO (EPFO ECR / ESIC templates absent) -> EXTERNAL VALIDATION NEEDED","UAN, name, gross, EPF wage, EPS wage, EDLI wage, contributions, NCP days, refund of advances; ESI IP no, days, wages, reason code","11-field #~# ECR; ESI 4-col CSV","No","No","No","Yes","NCP days (always 0), ESI reason code for zero days, last working day","No header issues known (UNVERIFIED)","NCP days hard-coded 0 though daysOf() exists (PfEsi.tsx:87); rates in editable state not persisted; PF ceiling 15000 and ESI 21000 hard-coded (payrollStatutory.ts:15-16)","Wrong EPS days/contribution base for LOP workers","MEDIUM","Compute NCP from muster; source rates from rules table with citation","Worker with 20/26 days -> ECR NCP=6"
"Wage Register / Wage Slip","Cooperative (all SocietyType values); Registered Society (Societies Registration Act) NOT modelled (labour/contract societies)","STATUTORY-SUPPORT","Wage register and slip under labour law","NONE IN REPO (form numbers not sourced; labour-code transition status unknown) -> EXTERNAL VALIDATION NEEDED","Worker name, father/husband name, rate, days, OT, gross, deductions (PF/ESI/advance/fine), net, signature/thumb, date of payment","Register: days x rate, paid, balance. Slip: gross - EPF - ESI","Yes (CSS visibility hack)","No","No","No","Father/husband name (register), deductions columns, overtime, per-worker signature column, UAN/ESI in register, payment date","Money via toLocaleString - no paise (WageRegister money())","WageSlip uses computePfEsi(PF_ESI_DEFAULTS) not posted run (WageSlip.tsx:35); wage = days*rate repeated in 4 files with floats","Slip deduction can differ from posted PF/ESI run (RULE 2)","MEDIUM","Share one wageOf() on money.ts; read deductions from posted run; add statutory columns","Edit PF rate on PF page, post run -> slip must match"
"Closing Stock Report","Cooperative (all SocietyType values); Registered Society (Societies Registration Act) NOT modelled","AUDIT-USEFUL","Supports Trading A/c closing stock","AUDIT_NCDC_Compliance_Report.md:83 (NCDC Annexure II) ; :144 notes WA/FIFO divergence","Opening, purchase, sales return, sale, purchase return, closing (qty+value)","Closing = whole-history qty x WA cost <= FY end (RULE 2 consistent with DataContext:5420-5427)","No","Yes","Yes","Yes","As-on date selector; prior-FY view; branch/godown filter; totals row in XLSX/CSV","PDF says certified per physical verification (pdf.ts:2105) but values are book-derived; blank for zero/negative","Opening = item.openingStock x purchaseRate even if prior-FY movements exist -> identity Opening+flows=Closing breaks (ClosingStockReport.tsx:100,107); Sale value at selling amount mixed with cost columns (93)","Report cannot reconcile in multi-year data; false certification wording","MEDIUM","Derive FY opening from history before FY start; value sales at cost; reword certification","Item with prior-year movements -> opening qty must equal prior closing"
"Stock Valuation","Cooperative (all SocietyType values); Registered Society (Societies Registration Act) NOT modelled","AUDIT-USEFUL","Inventory valuation","AUDIT_NCDC_Compliance_Report.md:144-146","Method (FIFO/WA), qty, rate, value","WA only","No","Yes","Yes","Yes","Valuation method, as-on date, lower-of-cost-or-NRV","PDF header can say Method: FIFO (StockValuation.tsx:148) while values are WA (100,106); qty as toFixed strings in CSV","Selector dead; excludes inactive items yet Inventory includes them","Audit evidence mislabelled","HIGH","Remove selector or implement FIFO; add as-on date","Select FIFO -> value must change or control disabled"
"Purchase Register","Cooperative (all SocietyType values); Registered Society (Societies Registration Act) NOT modelled","STATUTORY-SUPPORT","Purchase/ITC register","NONE IN REPO (register format not sourced)","Supplier GSTIN, supplier bill no/date, HSN, taxable, rate-wise tax, ITC eligibility, RCM, TCS","Internal purchase no only","No","Yes","Yes","Yes","Supplier GSTIN, supplier bill no/date, TCS, RCM, ITC eligibility, HSN","Returns visible on screen but excluded from all exports","Rows with TCS do not foot (TCS in grand total, no column) ; filenames ignore date range (PurchaseRegister.tsx:90-91 vs PDF dates)","Cannot be used for GSTR-2B matching","MEDIUM","Add columns; include returns section in exports","Purchase with TCS -> columns must foot"
"Sale Register","Cooperative (all SocietyType values); Registered Society (Societies Registration Act) NOT modelled","STATUTORY-SUPPORT","Sale/GST outward register","NONE IN REPO","Customer GSTIN, place of supply, HSN, rate-wise tax, returns/credit notes","Internal invoice no only","No","Yes","Yes","Yes","Customer GSTIN, state/POS, HSN, credit notes in exports","On-screen claims register usable for GSTR-1 (SaleRegister.tsx:358) but lacks GSTIN/POS","Returns not branch-filtered (SaleRegister.tsx:71) though sales are","Misleading on-screen claim","MEDIUM","Add fields; apply matchesActiveBranch to returns","Branch B selected -> returns list must be branch B only"
"Milk collection slip / Dairy registers","Cooperative (all SocietyType values); Registered Society (Societies Registration Act) NOT modelled ; Dairy coop","MANAGEMENT-INTERNAL","Farmer receipt and registers","NONE IN REPO","Member code, qty, fat, SNF, rate, amount, slip no","Slip prints date/member/qty/fat/SNF/rate/amount","Yes (80mm)","No","No","Yes","Slip number, shift totals, society reg no","Slip date from entry only","Settlement number = approved count + 1 (DairyDataContext.tsx:408) can repeat after delete; Settlement register ignores date range (DairyRegisters.tsx:25)","Duplicate DS/ numbers","MEDIUM","Use next_document_number RPC (T-03)","Delete approved settlement then approve another -> number must be unique"
"Consumer registers","Cooperative (all SocietyType values); Registered Society (Societies Registration Act) NOT modelled ; Consumer coop","AUDIT-USEFUL","Counter Z-report; member credit ageing","NONE IN REPO","Net sales after returns, tender split, member outstanding net of returns/recoveries","Z-summary and outstanding register","No","No","No","Yes","Returns netting, counter-only filter, as-on date applied to balances","Filenames .csv.csv (ConsumerRegisters.tsx:45,50)","buildOutstandingRegister omits credit-adjusted returns (registers.ts:74 call without returns) but ConsumerDataContext.tsx:244 includes them; asOf only affects ageing","Two screens disagree on member balance; Z-report overstates sales","HIGH","Pass returns; filter by asOf; subtract returns in Z-report","Credit sale then credit-adjusted return -> both screens equal"
"Procurement Registers","Cooperative (all SocietyType values); Registered Society (Societies Registration Act) NOT modelled ; marketing federation / HAFED agency","AUDIT-USEFUL","Procurement/settlement/farmer/commodity registers","AUDIT_NCDC_Compliance_Report.md:64 (no primary copy of HAFED proformas)","Lot arrival date, qty, rate, status, farmer, crop","createdAt-based register incl. rejected lots","No","No","No","Yes","Arrival/weighment date, season filter, rejected/cancelled exclusion","No PDF/print","Rejected lots counted in register and commodity totals (registers.ts:31-64); date = system createdAt","Procurement qty/value overstated","MEDIUM","Exclude/show separately status=rejected; use business date","Reject a lot -> totals must drop"
"Kachi Aarat Register (HAFED Proforma 8)","Cooperative (all SocietyType values); Registered Society (Societies Registration Act) NOT modelled ; Haryana only (cap haryana_compliance)","STATUTORY-SUPPORT","State federation return proforma","AUDIT_NCDC_Compliance_Report.md:64 - no public primary copy -> EXTERNAL VALIDATION NEEDED","Proforma 8 layout (not in repo)","Flat export; generateP8PDF orphaned","No","No (generator unreachable)","Yes (flat)","Yes (flat)","Printable Proforma 8","n/a","p8Pdf.ts:15 never imported","Required return cannot be produced from the UI","MEDIUM","Wire generateP8PDF or remove","Click through UI: no P8 PDF button"
"Maintenance bill / receipt (Housing)","Cooperative (all SocietyType values); Registered Society (Societies Registration Act) NOT modelled ; Housing coop","AUDIT-USEFUL","Member bill and receipt","NONE IN REPO (state housing bye-laws not sourced; GST on maintenance EXTERNAL)","Due date, arrears/interest, previous balance, bank details, receipt no","Bill lists charge heads; receipt single line","No","Yes","No","No","Due date, previous arrears/interest, GST if applicable, payment instructions","Receipt prints ""Rs. Rs. 1,000.00"" because fmt() already prefixes Rs. (pdf.ts:1169,1173)","Bill paid/outstanding only when paid>0","Member-facing double currency prefix","LOW","Fix prefix; add arrears and due date","Generate receipt -> single Rs. prefix"
"Work Order Profit / Worker Ledger","Cooperative (all SocietyType values); Registered Society (Societies Registration Act) NOT modelled ; labour contract","MANAGEMENT-INTERNAL","Profitability and worker dues","n/a","Wages, employer PF/ESI, materials, overhead, GST on billing","On-screen only","No","No","No","No","Employer PF/ESI and overhead in cost; FY filter; export","Float arithmetic","Profit = billed - wages only (WorkOrderProfit.tsx:26) ; lifetime totals across FYs (WorkerLedger.tsx:16-33)","Profit overstated","LOW","Include statutory cost; add export","n/a"
Export Center registry exports,Entity-based; no Cooperative vs Registered Society distinction in export path (UNVERIFIED for Registered Society),AUDIT-USEFUL,Data portability / DPDP custody; not a statutory format,EXTERNAL VALIDATION NEEDED (no statute for generic dumps); DPDP intent only in generator.ts header,"society, FY, generatedAt, filters on every file",Audited and role-gated client-side; CSV carries no provenance,No,No,Yes (README sheet),Yes,Provenance in CSV; FY/date/branch filter,Filename and README stamp current FY though rows are unfiltered,Whole table across all FYs exported under the current-FY name,Mislabelled FY file could be handed to auditor or federation,HIGH,Add FY/date + branch filter to source.ts; stamp the real range,Export data spanning 2 FYs; assert only selected FY and matching name
Shared PDF header/footer (all PDF reports),Both (uses society.registrationNo; no entity-type label),STATUTORY container,"Society name, reg no, FY, page x of y on statements",src/lib/stateAuditFormats.ts for act name; clause-level layout EXTERNAL VALIDATION NEEDED,"name, reg no, FY, address, PAN/TAN/GSTIN, page x of y, signatories",Present; long name clipped; Devanagari garbled,No,Yes,No,No,nameHi never used in header,Overflow beyond A4 for long names; Devanagari garbled,Report ID random and not stored,Unreadable header on statutory statements,HIGH,splitTextToSize; embed Devanagari font; use nameHi when language=hi,Render PDF with 150-char and Hindi name; assert text inside margins
Auditor Certificate block (Balance Sheet / I&E PDF),Cooperative Society (state act via getStateAuditFormat),STATUTORY,Auditor certificate on final accounts,stateAuditFormats.ts actName; certificate wording EXTERNAL VALIDATION NEEDED,"auditor name/membership no, date",Pre-printed true-and-fair opinion; hardcoded 31st March,No,Yes,No,No,"Audit date, auditor reg no, qualifications",Hardcoded date,n/a,Pre-drafted opinion above auditor signature; wrong date when period differs,MEDIUM,Make wording draft/blank; derive date from FY end,Generate FY 2025-26 asOn 30-Sep; assert certificate date
CSV export (buildCsv),Both,AUDIT-USEFUL,Spreadsheet interchange for audit,n/a,"BOM, escaping",BOM+CRLF+quoting correct; no formula guard,No,No,No,Yes,n/a,Cells starting = + - @ tab not neutralised,Member names and narrations are user-controlled,Formula execution when auditor opens file,HIGH,Prefix apostrophe on text cells starting =+-@ tab CR (not numeric cells),Export narration =HYPERLINK(...); assert apostrophe
XLSX export (buildWorkbook),Both,AUDIT-USEFUL,Spreadsheet interchange,n/a,"sheet names valid, <=31, unique",Truncates only; does not sanitise or dedupe,No,No,Yes,No,n/a,Invalid chars / duplicate prefixes / 32767+ char cell throw,"Strings stored as type s (formula-safe, verified with openpyxl)",Whole export fails for legitimate titles,LOW,"Sanitise [:\/?*[]], dedupe with suffix, clip cells","Unit test names with colon, slash and two names sharing a 31-char prefix"
Print stylesheet / window.print,Both,MANAGEMENT-INTERNAL,Print of on-screen pages,n/a,"hide chrome, @page, repeating thead",No global chrome hiding; no @page,Partial,n/a,n/a,n/a,"@page size, repeating headers, page numbers",Sidebar and header print with the page,n/a,Browser print of a report page prints app chrome,MEDIUM,Global @media print hiding nav; @page A4; thead table-header-group,Print-to-PDF Day Book; assert no sidebar
