Report,Print,PDF,XLSX,CSV,Other,HonoursFilters,WorkingStatus,Evidence
Trial Balance,No button; Ctrl+P prints sidebar/header (no print:hidden in layout),Yes jsPDF A4 portrait helvetica; page numbers; signatures; society/reg/FY header,Yes (no society/FY/as-on header inside file),Yes,None,As-on date honoured in PDF/XLSX/CSV; PDF filename omits as-on date,WORKS,"TrialBalance.tsx:96-111,183; pdf.ts:398-494; exportUtils.ts:158-182"
Balance Sheet,No button,Yes landscape; blocked when diff>=1; title hardcoded 31 March,Yes (missing unposted closing-stock row and PY column),Yes (same gap),None,As-on honoured in data; NOT in PDF title; summary/detailed toggle honoured in PDF,PARTIAL,"BalanceSheet.tsx:233-257,264-278; pdf.ts:639-652"
Income & Expenditure / P&L,No button,Yes landscape; no PY column; no appropriation; auditor certificate block,Yes (includes appropriation rows),Yes,None,FY-end bound only (no picker),PARTIAL,"ProfitLoss.tsx:78-100; pdf.ts:495-559"
Receipts & Payments,No button,Yes landscape,Yes,Yes,None,No date control at all,PARTIAL,"ReceiptsPayments.tsx:23,93-110; pdf.ts:562"
Trading Account,No button,Yes (no activity-wise section),Yes (no activity-wise),Yes,None,Default FY end; no picker,PARTIAL,"TradingAccount.tsx:44-58,76-95"
Cash Book,No button,Yes (header FY only; opening raw),Yes (opening raw; Total row closing = all-time balance),Yes (same),None,Date filter applied to rows but opening/closing NOT consistent; export ungated by can('export'),BROKEN with filter,"CashBook.tsx:39-47,93-121; pdf.ts:296-349"
Bank Book,No button,Yes,Yes,Yes,None,No date filter exists; bank selector honoured; ungated,PARTIAL,"BankBook.tsx:44-67; pdf.ts:351-396"
Day Book,Print CSS only (no window.print call),Yes landscape; opening cash WRONG,Yes,Yes (filename claims range even when not filtered),None,Date range honoured only after 'filter' click; branch honoured,BROKEN opening in PDF,"DayBook.tsx:75-83,177-206; pdf.ts:1350-1385"
Ledger,No button,Yes (English-only; Devanagari narration garbled),Yes,Yes (filename = account name only),None,From/To honoured; branch honoured; no FY in filename,WORKS with caveats,"Ledger.tsx:150-175; pdf.ts:860-880"
Voucher Register,Per-voucher print = PDF,Per-voucher PDF only,Yes (filename vouchers.xlsx.xlsx),Yes (vouchers.csv.csv),None,No date/type filters applied to export; includes rejected/pending,PARTIAL,"Vouchers.tsx:181-232,519-535"
Deleted Vouchers,No,No,Yes (deleted_vouchers.xlsx.xlsx),Yes (deleted_vouchers.csv.csv),None,Filters honoured,WORKS (filename bug),"DeletedVouchers.tsx:62-73"
Bank Reconciliation,No,Yes BRS statement,No,No,Import of bank statement xlsx/csv,As-of date honoured,PARTIAL,"BankReconciliation.tsx:226-285"
Reports hub,N/A,N/A,N/A,N/A,Navigation only,N/A,WORKS,"Reports.tsx"
Fund Statement,No,No,No,Yes,None,Selected fund only,PARTIAL,"FundStatement.tsx:127-140"
Statutory Reconciliation,No,No,No,No,None,Month honoured on screen,NO EXPORT,"StatutoryReconciliation.tsx"
Multi-Society Consolidation,No,Yes landscape,Yes (multi-sheet),Yes,None,All imported branches; whole-rupee rounding,PARTIAL,"MultiSocietyConsolidation.tsx:222-250,388-400"
Federation / Registrar Return,No,Yes,Yes,Yes (numbers as formatted text),None,FY of society; no date control,UNVERIFIED format,"FederationReport.tsx:235-239"
NABARD / DCC Report,No,Yes,Yes (multi-sheet),Yes (formatted text numbers),None,As-of today only,UNVERIFIED thresholds,"NabardReport.tsx:150-175"
Audit Certificate,Browser print via print:hidden classes (no print button),Yes,Yes,Yes,None,Manual override fields honoured,BROKEN default cash/bank,"AuditCertificate.tsx:85-120,125-165,234-236"
