"Report","EntityType","Class","RequirementUse","SourceAuthority","RequiredFields","CurrentStatus","Print","PDF","XLSX","CSV","MissingFields","FormattingIssues","DataIssues","ComplianceRisk","Severity","RecommendedFix","TestCase"
"Sale invoice (Tax Invoice / Bill of Supply)","Cooperative (all SocietyType values); Registered Society (Societies Registration Act) NOT modelled","STATUTORY","GST invoice for taxable supply; Bill of Supply for exempt/unregistered","NONE IN REPO (CGST Rule 46 text absent) -> EXTERNAL VALIDATION NEEDED","Supplier name/address/GSTIN, invoice no (consecutive), date, recipient name/address/GSTIN, place of supply, HSN, description, qty, taxable value, tax rate+amount, signature","Generated per invoice; single invoice-level GST rate","No","Yes","No","No (list only: sales.csv)","Per-line HSN present but per-line tax rate/amount absent; reverse-charge flag; Original/Duplicate/Triplicate copies (hard-coded Original); supplier state printed as code; no e-invoice/IRN/QR","Devanagari names garble in helvetica; double extension on list export; seller state printed raw code (pdf.ts:2572)","Invoice-level cgstPct/sgstPct/igstPct only (types/index.ts:1308) so mixed-rate baskets cannot be represented; Bill-of-Supply text printed even if grand total includes tax when society has no GSTIN (pdf.ts:2540,2912)","Wrong/insufficient invoice particulars; misleading Bill of Supply wording","HIGH","Add per-line tax rate; show rate-wise tax table; block tax>0 when no GSTIN or print Tax-less; copy labels","Create 2-item invoice 5% + 18% -> PDF must show both rates; society without GSTIN with taxPct>0 -> expect block/warn"
"GST Summary - GSTR-1 JSON","Cooperative (all SocietyType values); Registered Society (Societies Registration Act) NOT modelled (GST-registered only)","STATUTORY","Outward supplies return","NONE IN REPO (GSTN GSTR-1 schema absent) -> EXTERNAL VALIDATION NEEDED","pos (state code), idt dd-mm-yyyy, rate-wise items, b2cs sply_ty INTRA/INTER+pos, hsn with rt, doc issue, nil/exempt, b2cl","JSON built; pos hard-coded to 09 (UP) because society.stateCode never exists in types; B2B only if customer.gstNo set; no B2CL/exp/nil/docs","No","Yes (summary tables)","Yes (summary)","No (slab only)","B2CL, nil/exempt/non-GST (Table 8), document-issued (Table 13), advances, RCM inward, TCS; hsn rate col","idt ISO yyyy-mm-dd; hash:""hash""; version GST3.0.4 outdated; hsn val = taxable value not invoice value","HSN summary reads (item as any).hsnCode but SaleItem has no hsnCode -> every row N/A; customers with gstin only (not gstNo) become B2C; ret_period from fromDate month even for full-FY range","JSON would be rejected or mis-file place of supply; HSN table empty","CRITICAL","Derive pos from buyer GSTIN/state via gstStates.ts; read hsn from stockItems; restrict export to one month; add B2CL/nil/docs","Haryana society with Haryana B2B invoice -> expect pos 06; FY range export -> expect error"
"GST Summary - GSTR-3B JSON/PDF","Cooperative (all SocietyType values); Registered Society (Societies Registration Act) NOT modelled (GST-registered only)","STATUTORY","Monthly summary return","NONE IN REPO -> EXTERNAL VALIDATION NEEDED","3.1(a-e), 3.2 inter-state supplies, 4 ITC (A,B,C,D), 5, 6.1 payment","3.1(a)(c) and 4(A)(5) filled; 3.1(d) inward RCM zero though lib/rcm exists; ITC OTH = all purchases","No","Yes","Yes","No","3.1(b) zero-rated, 3.1(d) RCM, 3.2, ITC blocked 17(5), Rule 42/43 reversals, interest/late fee","ret_period from fromDate only; default range is whole FY so annual totals go under April","Purchases from unregistered suppliers and blocked credits all counted in ITC; RCM computed in GSTR9 page but absent here","Over-claimed ITC; wrong return period","HIGH","Constrain to single month; add RCM into 3.1(d)/4A(3); ITC eligibility flag per purchase","Export with Apr-Mar range -> expect refusal"
"GSTR-9 Annual Return (draft)","Cooperative (all SocietyType values); Registered Society (Societies Registration Act) NOT modelled (GST-registered, turnover-threshold rules not in repo)","STATUTORY","Annual return (GSTR-9) - applicability thresholds EXTERNAL","NONE IN REPO -> EXTERNAL VALIDATION NEEDED","Tables 4,5,6 (6A-6O),7,8 (2A/2B recon),9,10-14,15-17 HSN","Only 4/6/7/9 headline lines","No","No","No","Yes (4 headline tables)","Tables 5,8,10-17, 6 sub-rows, 2A/2B reconciliation","Labelled Table 7 = debit notes (not a reversal table); JSON is GSTR9-DRAFT not GSTN schema","Returns not branch-scoped (GSTR9.tsx:49) while sales/purchases are; r2 float rounding (gstr9.ts:13) not money.ts; net liability simplified","Draft cannot be filed; branch mismatch vs GstSummary","HIGH","Rename as GST consolidation worksheet or implement real tables; branch-filter returns; use money.ts","Select branch B -> GSTR9 outward must equal GstSummary for same period"
"E-Way Bill JSON","Cooperative (all SocietyType values); Registered Society (Societies Registration Act) NOT modelled (GST-registered goods movers)","STATUTORY-SUPPORT","Generate EWB for consignments over Rs 50,000","NONE IN REPO (NIC schema absent) -> EXTERNAL VALIDATION NEEDED","userGstin, supplyType, docNo, docDate dd/mm/yyyy, from/to addresses, itemList productName/hsnCode/qtyUnit/rates, transMode, distance, vehicleNo","Pre-validation toast for pin/state/address; payload field names (name,hsn,qty,unit,taxable,gstRate) differ from NIC bulk upload names as I recall (UNVERIFIED)","No","No","No","JSON only","fromPlace, itemList rate fields per head, actualFromStateCode, HSN length","docDate ISO yyyy-mm-dd; transMode as number","HSN falls back to fabricated 9999 (EWayBill.tsx:131); fromPinCode fallback 000000 (145); purchase EWB uses OUR purchaseNo not supplier bill no (156); save failure only console.error (203)","Portal rejection; false HSN on statutory document","MEDIUM","Refuse when HSN missing; use supplier bill no for inward; toast on save failure (RULE 1); validate against NIC sample","Item without HSN -> expect block"
"TDS Register / Form 26Q text","Cooperative (all SocietyType values); Registered Society (Societies Registration Act) NOT modelled (TAN holders)","STATUTORY","Quarterly non-salary TDS statement","NONE IN REPO (NSDL RPU/FVU spec absent); docs/CA-VERIFICATION-2026-07.md is an UNANSWERED questionnaire","Deductor TAN/PAN/address, challan BSR/date/serial, deductee PAN/category, section code, amount paid date, tax deducted/deposited date, remarks","Home-grown pipe-delimited file; salary s.192 entries also exported into 26Q","No","No","Yes","Yes (register) / TXT","Deductee code (company/non-company), deposit date, lower-deduction cert, PAN-not-available handling, 194IA/194IB split (code maps 194I -> 4IB), 24Q segregation","Uses 1961 section numbers for FY 2026-27 (Act 2025 in force 1-4-2026 per CA-VERIFICATION-2026-07.md:7-12); warning toast only","Section hard-coded 194Q for every purchase TDS (TdsRegister.tsx:143); PAN taken from supplier.gstNo only (140); fake CH record BSR 0000000 for undeposited (tds26q.ts:123); salary rows in 26Q (TdsRegister.tsx:211,214)","File likely rejected by FVU; salary TDS in wrong form; stale sections","CRITICAL","Exclude s.192 from 26Q; per-entry section; PAN fallback to supplier.pan; build per NSDL spec and validate with FVU","Quarter with 1 salary + 1 purchase TDS entry -> 26Q must contain 1 DD"
"TDS Form 16A","Cooperative (all SocietyType values); Registered Society (Societies Registration Act) NOT modelled (TAN holders)","STATUTORY-LOOKING","Certificate of TDS to deductee","NONE IN REPO; statutory Form 16A is generated from TRACES -> EXTERNAL VALIDATION NEEDED","TAN, PAN, deductee PAN, quarter, challan BSR/date, certificate no, section, TRACES digital signature","Supplier-wise summary only","No","Yes","Yes","Yes","Deductee PAN, section, quarter, challan, certificate no, deductor address; FY 2026-27","Cites Section 203 of 1961 Act (TdsForm16A.tsx:111); FY list stops at 2025-26 (204); Rs symbol via Intl in helvetica (124)","Only purchase TDS (not salary / manual entries / challans) -> differs from TDS Register (RULE 2); groups by supplierName not id; Particulars = last 6 chars of internal id (89); CSV/Excel ignore supplier filter","Society may hand supplier a non-statutory certificate; amounts differ from Register","HIGH","Re-label as TDS statement; or link to TRACES; add FY 2026-27; source from same dataset as Register","Add manual 194C entry -> Form 16A must reflect or clearly exclude"
"Form 24Q summary","Cooperative (all SocietyType values); Registered Society (Societies Registration Act) NOT modelled","STATUTORY-SUPPORT","Quarterly salary TDS return basis","NONE IN REPO","Employee PAN, gross salary breakup, deductions Ch VI-A, TDS, challan details, Annexure II (Q4)","Per-employee gross+TDS CSV","No","No","No","Yes","Challan details, Annexure II salary breakup, taxable income, tax regime","Filename form24Q_2026-27_Q1.csv.csv","Gross = basic+allowances only (form24Q.ts:46); only legacy salaryRecords - new Payroll runs not included","Cannot be filed; may omit payroll runs","HIGH","Label as worksheet; merge new Payroll TDS; add Annexure data","Run payroll in /payroll -> 24Q summary must include it"
"Salary slip (legacy)","Cooperative (all SocietyType values); Registered Society (Societies Registration Act) NOT modelled","MANAGEMENT-INTERNAL","Employee payslip","NONE IN REPO (payslip format rules not sourced)","Breakup of PF/ESI/PT/TDS, days/LOP, PAN/UAN","Single Deductions lump","No","Yes","No","Partial (history)","PF/ESI/PT/TDS breakup (stored on SalaryRecord types/index.ts:1768-1773 but not printed), paid days, UAN/PAN","Devanagari names garble","n/a","Employee cannot see what was deducted; audit trail weak","MEDIUM","Print stored breakup; add UAN/PAN","Process salary with PF+TDS -> slip lists each"
"PF/ESI: ECR + ESI CSV","Cooperative (all SocietyType values); Registered Society (Societies Registration Act) NOT modelled (EPFO/ESIC establishments)","STATUTORY","Monthly ECR / ESI contribution upload","NONE IN REPO (EPFO ECR / ESIC templates absent) -> EXTERNAL VALIDATION NEEDED","UAN, name, gross, EPF wage, EPS wage, EDLI wage, contributions, NCP days, refund of advances; ESI IP no, days, wages, reason code","11-field #~# ECR; ESI 4-col CSV","No","No","No","Yes","NCP days (always 0), ESI reason code for zero days, last working day","No header issues known (UNVERIFIED)","NCP days hard-coded 0 though daysOf() exists (PfEsi.tsx:87); rates in editable state not persisted; PF ceiling 15000 and ESI 21000 hard-coded (payrollStatutory.ts:15-16)","Wrong EPS days/contribution base for LOP workers","MEDIUM","Compute NCP from muster; source rates from rules table with citation","Worker with 20/26 days -> ECR NCP=6"
"Wage Register / Wage Slip","Cooperative (all SocietyType values); Registered Society (Societies Registration Act) NOT modelled (labour/contract societies)","STATUTORY-SUPPORT","Wage register and slip under labour law","NONE IN REPO (form numbers not sourced; labour-code transition status unknown) -> EXTERNAL VALIDATION NEEDED","Worker name, father/husband name, rate, days, OT, gross, deductions (PF/ESI/advance/fine), net, signature/thumb, date of payment","Register: days x rate, paid, balance. Slip: gross - EPF - ESI","Yes (CSS visibility hack)","No","No","No","Father/husband name (register), deductions columns, overtime, per-worker signature column, UAN/ESI in register, payment date","Money via toLocaleString - no paise (WageRegister money())","WageSlip uses computePfEsi(PF_ESI_DEFAULTS) not posted run (WageSlip.tsx:35); wage = days*rate repeated in 4 files with floats","Slip deduction can differ from posted PF/ESI run (RULE 2)","MEDIUM","Share one wageOf() on money.ts; read deductions from posted run; add statutory columns","Edit PF rate on PF page, post run -> slip must match"
"Closing Stock Report","Cooperative (all SocietyType values); Registered Society (Societies Registration Act) NOT modelled","AUDIT-USEFUL","Supports Trading A/c closing stock","AUDIT_NCDC_Compliance_Report.md:83 (NCDC Annexure II) ; :144 notes WA/FIFO divergence","Opening, purchase, sales return, sale, purchase return, closing (qty+value)","Closing = whole-history qty x WA cost <= FY end (RULE 2 consistent with DataContext:5420-5427)","No","Yes","Yes","Yes","As-on date selector; prior-FY view; branch/godown filter; totals row in XLSX/CSV","PDF says certified per physical verification (pdf.ts:2105) but values are book-derived; blank for zero/negative","Opening = item.openingStock x purchaseRate even if prior-FY movements exist -> identity Opening+flows=Closing breaks (ClosingStockReport.tsx:100,107); Sale value at selling amount mixed with cost columns (93)","Report cannot reconcile in multi-year data; false certification wording","MEDIUM","Derive FY opening from history before FY start; value sales at cost; reword certification","Item with prior-year movements -> opening qty must equal prior closing"
"Stock Valuation","Cooperative (all SocietyType values); Registered Society (Societies Registration Act) NOT modelled","AUDIT-USEFUL","Inventory valuation","AUDIT_NCDC_Compliance_Report.md:144-146","Method (FIFO/WA), qty, rate, value","WA only","No","Yes","Yes","Yes","Valuation method, as-on date, lower-of-cost-or-NRV","PDF header can say Method: FIFO (StockValuation.tsx:148) while values are WA (100,106); qty as toFixed strings in CSV","Selector dead; excludes inactive items yet Inventory includes them","Audit evidence mislabelled","HIGH","Remove selector or implement FIFO; add as-on date","Select FIFO -> value must change or control disabled"
"Purchase Register","Cooperative (all SocietyType values); Registered Society (Societies Registration Act) NOT modelled","STATUTORY-SUPPORT","Purchase/ITC register","NONE IN REPO (register format not sourced)","Supplier GSTIN, supplier bill no/date, HSN, taxable, rate-wise tax, ITC eligibility, RCM, TCS","Internal purchase no only","No","Yes","Yes","Yes","Supplier GSTIN, supplier bill no/date, TCS, RCM, ITC eligibility, HSN","Returns visible on screen but excluded from all exports","Rows with TCS do not foot (TCS in grand total, no column) ; filenames ignore date range (PurchaseRegister.tsx:90-91 vs PDF dates)","Cannot be used for GSTR-2B matching","MEDIUM","Add columns; include returns section in exports","Purchase with TCS -> columns must foot"
"Sale Register","Cooperative (all SocietyType values); Registered Society (Societies Registration Act) NOT modelled","STATUTORY-SUPPORT","Sale/GST outward register","NONE IN REPO","Customer GSTIN, place of supply, HSN, rate-wise tax, returns/credit notes","Internal invoice no only","No","Yes","Yes","Yes","Customer GSTIN, state/POS, HSN, credit notes in exports","On-screen claims register usable for GSTR-1 (SaleRegister.tsx:358) but lacks GSTIN/POS","Returns not branch-filtered (SaleRegister.tsx:71) though sales are","Misleading on-screen claim","MEDIUM","Add fields; apply matchesActiveBranch to returns","Branch B selected -> returns list must be branch B only"
"Milk collection slip / Dairy registers","Cooperative (all SocietyType values); Registered Society (Societies Registration Act) NOT modelled ; Dairy coop","MANAGEMENT-INTERNAL","Farmer receipt and registers","NONE IN REPO","Member code, qty, fat, SNF, rate, amount, slip no","Slip prints date/member/qty/fat/SNF/rate/amount","Yes (80mm)","No","No","Yes","Slip number, shift totals, society reg no","Slip date from entry only","Settlement number = approved count + 1 (DairyDataContext.tsx:408) can repeat after delete; Settlement register ignores date range (DairyRegisters.tsx:25)","Duplicate DS/ numbers","MEDIUM","Use next_document_number RPC (T-03)","Delete approved settlement then approve another -> number must be unique"
"Consumer registers","Cooperative (all SocietyType values); Registered Society (Societies Registration Act) NOT modelled ; Consumer coop","AUDIT-USEFUL","Counter Z-report; member credit ageing","NONE IN REPO","Net sales after returns, tender split, member outstanding net of returns/recoveries","Z-summary and outstanding register","No","No","No","Yes","Returns netting, counter-only filter, as-on date applied to balances","Filenames .csv.csv (ConsumerRegisters.tsx:45,50)","buildOutstandingRegister omits credit-adjusted returns (registers.ts:74 call without returns) but ConsumerDataContext.tsx:244 includes them; asOf only affects ageing","Two screens disagree on member balance; Z-report overstates sales","HIGH","Pass returns; filter by asOf; subtract returns in Z-report","Credit sale then credit-adjusted return -> both screens equal"
"Procurement Registers","Cooperative (all SocietyType values); Registered Society (Societies Registration Act) NOT modelled ; marketing federation / HAFED agency","AUDIT-USEFUL","Procurement/settlement/farmer/commodity registers","AUDIT_NCDC_Compliance_Report.md:64 (no primary copy of HAFED proformas)","Lot arrival date, qty, rate, status, farmer, crop","createdAt-based register incl. rejected lots","No","No","No","Yes","Arrival/weighment date, season filter, rejected/cancelled exclusion","No PDF/print","Rejected lots counted in register and commodity totals (registers.ts:31-64); date = system createdAt","Procurement qty/value overstated","MEDIUM","Exclude/show separately status=rejected; use business date","Reject a lot -> totals must drop"
"Kachi Aarat Register (HAFED Proforma 8)","Cooperative (all SocietyType values); Registered Society (Societies Registration Act) NOT modelled ; Haryana only (cap haryana_compliance)","STATUTORY-SUPPORT","State federation return proforma","AUDIT_NCDC_Compliance_Report.md:64 - no public primary copy -> EXTERNAL VALIDATION NEEDED","Proforma 8 layout (not in repo)","Flat export; generateP8PDF orphaned","No","No (generator unreachable)","Yes (flat)","Yes (flat)","Printable Proforma 8","n/a","p8Pdf.ts:15 never imported","Required return cannot be produced from the UI","MEDIUM","Wire generateP8PDF or remove","Click through UI: no P8 PDF button"
"Maintenance bill / receipt (Housing)","Cooperative (all SocietyType values); Registered Society (Societies Registration Act) NOT modelled ; Housing coop","AUDIT-USEFUL","Member bill and receipt","NONE IN REPO (state housing bye-laws not sourced; GST on maintenance EXTERNAL)","Due date, arrears/interest, previous balance, bank details, receipt no","Bill lists charge heads; receipt single line","No","Yes","No","No","Due date, previous arrears/interest, GST if applicable, payment instructions","Receipt prints ""Rs. Rs. 1,000.00"" because fmt() already prefixes Rs. (pdf.ts:1169,1173)","Bill paid/outstanding only when paid>0","Member-facing double currency prefix","LOW","Fix prefix; add arrears and due date","Generate receipt -> single Rs. prefix"
"Work Order Profit / Worker Ledger","Cooperative (all SocietyType values); Registered Society (Societies Registration Act) NOT modelled ; labour contract","MANAGEMENT-INTERNAL","Profitability and worker dues","n/a","Wages, employer PF/ESI, materials, overhead, GST on billing","On-screen only","No","No","No","No","Employer PF/ESI and overhead in cost; FY filter; export","Float arithmetic","Profit = billed - wages only (WorkOrderProfit.tsx:26) ; lifetime totals across FYs (WorkerLedger.tsx:16-33)","Profit overstated","LOW","Include statutory cost; add export","n/a"
