"Report","Print","PDF","XLSX","CSV","Other","HonoursFilters","WorkingStatus","Evidence"
"Inventory","No","No","Yes","Yes","-","Yes (filteredItems) but no FY/branch/date","WORKING; double extension inventory.csv.csv / inventory.xlsx.xlsx","Inventory.tsx:822-829; exportUtils.ts:162 appends .csv; exportUtils.ts:170 appends .xlsx"
"Closing Stock Report","No","Yes","Yes","Yes","-","Uses society FY only (no selector)","WORKING; no totals row in XLSX/CSV; Hindi item names garble in PDF","ClosingStockReport.tsx:177-206; pdf.ts:2039-2113"
"Stock Valuation","No","Yes","Yes","Yes","-","No (all active items)","WORKING-WITH-DEFECT (method label); qty/rate/value written as toFixed strings","StockValuation.tsx:119-175"
"Godowns","Yes (WHR/Gate Pass only)","No","No","No","HTML print","n/a","PARTIAL","Godowns.tsx:72-87"
"Purchase Register","No","Yes","Yes","Yes","-","Yes date/party/branch; returns excluded from exports; XLSX/CSV file name ignores date range","WORKING","PurchaseRegister.tsx:84-92; pdf.ts:1987"
"Sale Register","No","Yes","Yes","Yes","-","Yes date/party/branch; returns excluded from exports","WORKING","SaleRegister.tsx:83-91; pdf.ts:1951"
"Purchase Management","No (PDF only)","Yes (per purchase)","Yes","Yes","-","Page filters not verified; list export uses fixed 7 cols no tax","WORKING; sales.csv/purchases.csv double extension","PurchaseManagement.tsx:423-428"
"Sale Management / Invoice","No (PDF only)","Yes (per invoice)","Yes","Yes","-","Yes (filteredSales) but only 7 columns, no tax/GSTIN","WORKING-WITH-DEFECTS","SaleManagement.tsx:399-407; pdf.ts:2532"
"Customers","No","No","Yes","Yes","-","Yes search only","WORKING; double extension; no outstanding/address/PAN","Customers.tsx:131-149"
"Suppliers","No","No","Yes","Yes","-","Yes search only","WORKING; double extension","Suppliers.tsx:140,149"
"GST Summary","No","Yes (3 PDFs)","Yes (2 sheets)","Partial (output slabs only)","JSON GSTR-1, GSTR-3B","Yes date+branch","NOT FILING-READY (see C-02..C-05)","GstSummary.tsx:335-546"
"GSTR-9","No","No","No","Yes","JSON draft","Yes from/to; returns not branch","DRAFT; CSV filename GSTR9_x_to_y.csv.csv","GSTR9.tsx:79,82-92"
"E-Way Bill","No","No","No","No","JSON download/copy","n/a","PARTIAL; filename eway-bill-<timestamp>.json","EWayBill.tsx:205-215"
"HSN Master","No","No","Yes","Yes","-","Yes (filtered)","WORKING; double extension","HsnMaster.tsx:134-143"
"TDS Register","No","No","Yes","Yes","TXT 26Q","Yes quarter+FY","NOT FILING-READY","TdsRegister.tsx:307-350; tds26q.ts:150-160"
"TDS Form 16A","No","Yes","Yes","Yes","-","PDF yes supplier; CSV/XLSX ignore supplier filter","WORKING-WITH-DEFECTS","TdsForm16A.tsx:86-100"
"Form 24Q summary","No","No","No","Yes","-","Quarter yes","PARTIAL; .csv.csv","SalaryManagement.tsx:289-293"
"Salary slip (legacy)","No","Yes","No","No","-","n/a","WORKING-WITH-DEFECTS","pdf.ts:1620"
"Salary history","No","No","Yes","Yes","-","NO - exports all salaryRecords ignoring month/employee/paid filters","DEFECT","SalaryManagement.tsx:553-564"
"Payroll (new)","Yes (payslip, service record)","No","No","Yes (register)","TXT ECR","Selected run","WORKING","Payroll.tsx:774-830"
"PF/ESI","No","No","No","Yes (ESI)","TXT ECR","Selected month","PARTIAL","PfEsi.tsx:73-110"
"Wage Register","Yes","No","No","No","-","Yes (WO+month)","PARTIAL","WageRegister.tsx:35-60"
"Wage Slip","Yes","No","No","No","-","Yes (worker+month)","PARTIAL","WageSlip.tsx:33-60"
"Muster Roll","No","No","Yes","Yes","JSON via registry","NO - EntityExportButton re-reads whole table by design (EntityExportButton.tsx:19-23)","PARTIAL","MusterRoll.tsx:148"
"Worker Ledger / Work Order Profit","No","No","No","No","-","n/a","ON-SCREEN ONLY","WorkerLedger.tsx; WorkOrderProfit.tsx"
"Department Bills / Work Orders","No","No","Yes","Yes","-","NO (whole table)","PARTIAL","DepartmentBills.tsx:141; WorkOrders.tsx:138"
"Procurement Registers","No","No","No","Yes (3 tabs)","-","Procurement tab date window only","PARTIAL","ProcurementRegisters.tsx:39-79"
"Kachi Aarat","No","No (generateP8PDF orphan)","Yes","Yes","-","NO (whole table)","PARTIAL","KachiAaratRegister.tsx:172"
"Milk Collection","Yes (slip)","No","No","No","-","Per entry","WORKING","MilkCollection.tsx:24-25"
"Dairy Registers","No","No","No","Yes (collection, settlement)","-","Collection yes date; Settlement ignores date","PARTIAL","DairyRegisters.tsx:33-45"
"Dairy other pages","No","No","Yes (registry pages)","Yes","JSON (registry)","NO (whole table)","PARTIAL","FarmerSettlement.tsx:145"
"Consumer Registers","No","No","No","Yes","-","Dates for summary; asOf not applied to balances","WORKING-WITH-DEFECTS; .csv.csv","ConsumerRegisters.tsx:45,50"
"Sales/Purchase Return (consumer)","No","No","No","Yes","-","not verified","PARTIAL; no credit/debit note PDF","SalesReturn.tsx:18"
"Retail Counter","Yes (PDF)","Yes","No","No","-","Per invoice","WORKING-WITH-DEFECTS","RetailCounter.tsx:19"
"Maintenance Billing","No","Yes (bill, receipt)","No","No","-","Per bill","WORKING-WITH-DEFECTS (Rs. Rs.)","pdf.ts:1169"
"Barcode Labels","Yes","No","No","No","-","Selection","UNVERIFIED","BarcodeLabels.tsx"
