"Report","Route","Component","EntityType","Category","DataSource","Formats","PrintAvailable","DownloadAvailable","Status","Evidence"
"Inventory (item master + stock list)","/inventory","src/pages/Inventory.tsx","All coop types (no Registered-Society distinction in code) ; cap inventory_sales","MANAGEMENT-INTERNAL","stockItems + reconciledStockMovements via computeStockMap/computeStockValue","CSV,XLSX","No","Yes","WORKING-WITH-DEFECTS","Inventory.tsx:612,617,821-829; moduleCatalog.ts:59; total includes inactive items (617) unlike StockValuation:90 / DataContext:5427; filenames inventory.csv -> inventory.csv.csv (824)"
"Closing Stock Report (category-wise 6-flow)","/closing-stock-report","src/pages/ClosingStockReport.tsx + lib/pdf.ts generateClosingStockPDF","All coop types (no Registered-Society distinction in code) ; cap inventory_sales","AUDIT-USEFUL (supports Trading A/c closing stock; NCDC Annexure II per AUDIT_NCDC_Compliance_Report.md:83)","stockItems(isActive) + reconciledStockMovements within FY; closing = history<=FY end","PDF,XLSX,CSV (on-screen table)","No","Yes","WORKING-WITH-DEFECTS","ClosingStockReport.tsx:77-126,188-206; pdf.ts:2039-2113; moduleCatalog.ts:150"
"Stock Valuation","/stock-valuation","src/pages/StockValuation.tsx","All coop types (no Registered-Society distinction in code) ; cap inventory_sales","AUDIT-USEFUL","stockItems(isActive) + reconciledStockMovements; WA cost via computeStockValue","PDF,XLSX,CSV","No","Yes","WORKING-WITH-DEFECTS","StockValuation.tsx:83,100,106,148-175; FIFO selector is a no-op"
"Godown stock + stack card + WHR/Gate Pass","/godowns","src/pages/Godowns.tsx + lib/godownStock.ts","All coop types (no Registered-Society distinction in code) ; warehouse/stack-card use","MANAGEMENT-INTERNAL (WHR/Gate-pass = operational document)","raw stockMovements (not reconciled, no openingStock)","HTML print window (WHR / Gate Pass only)","Yes (WHR/GatePass only)","No","PARTIAL","Godowns.tsx:91,72-87; godownStock.ts:39; stockUtils.ts:25-28 NOTE"
"Purchase Register","/purchase-register","src/pages/PurchaseRegister.tsx + pdf.ts generatePurchaseRegisterPDF","All coop types (no Registered-Society distinction in code) ; GST-registered use","STATUTORY-SUPPORT (GST ITC / audit purchase register; Act-level requirement not sourced in repo -> EXTERNAL VALIDATION NEEDED)","purchases (isDeleted filtered at DataContext:1406) + purchaseReturns on screen only","PDF,XLSX,CSV","No","Yes","WORKING-WITH-DEFECTS","PurchaseRegister.tsx:49-60,84-92; pdf.ts:1987-2021; moduleCatalog.ts:139"
"Sale Register","/sale-register","src/pages/SaleRegister.tsx + pdf.ts generateSaleRegisterPDF","All coop types (no Registered-Society distinction in code) ; cap inventory_sales","STATUTORY-SUPPORT (GST outward register) / AUDIT-USEFUL","sales (isDeleted filtered at DataContext:1405) + salesReturns on screen only","PDF,XLSX,CSV","No","Yes","WORKING-WITH-DEFECTS","SaleRegister.tsx:46-60,83-91; pdf.ts:1951-1984; moduleCatalog.ts:138"
"Purchase record PDF (internal) + Purchase list export","/purchases","src/pages/PurchaseManagement.tsx + pdf.ts generatePurchaseRecordPDF","All coop types (no Registered-Society distinction in code)","MANAGEMENT-INTERNAL (watermarked INTERNAL RECORD; not a tax document)","purchases","PDF (per bill),XLSX,CSV (list)","Printer icon -> PDF only","Yes","WORKING-WITH-DEFECTS","PurchaseManagement.tsx:423-428; pdf.ts:3280-3596; pdf.ts:3293"
"Sale invoice PDF (Tax Invoice / Bill of Supply) + Sale list export","/sales","src/pages/SaleManagement.tsx + pdf.ts generateSaleInvoicePDF","All coop types (no Registered-Society distinction in code) ; GST-registered vs unregistered branch of the code","STATUTORY (GST invoice - Rule 46 CGST; rule text NOT in repo -> EXTERNAL VALIDATION NEEDED)","sales + customers + stockItems(hsnCode)","PDF (per invoice),XLSX,CSV (list)","Printer icon -> PDF only","Yes","WORKING-WITH-DEFECTS","SaleManagement.tsx:320-386,402-407; pdf.ts:2532-2952"
"Customers list (with outstanding)","/customers","src/pages/Customers.tsx","All coop types (no Registered-Society distinction in code) ; cap inventory_sales","MANAGEMENT-INTERNAL","customers + getAccountBalance","XLSX,CSV","No","Yes","PARTIAL (no statement/ledger)","Customers.tsx:131-150, outstanding col 331; filenames customers.csv.csv"
"Suppliers list (with outstanding)","/suppliers","src/pages/Suppliers.tsx","All coop types (no Registered-Society distinction in code)","MANAGEMENT-INTERNAL","suppliers + account balance","XLSX,CSV","No","Yes","PARTIAL (no statement/ledger)","Suppliers.tsx:140,149; filenames suppliers.csv.csv"
"GST Summary (output/ITC slabs, GSTR-1 view+JSON+PDF, GSTR-3B view+JSON+PDF, reconciliation)","/gst-summary","src/pages/GstSummary.tsx + pdf.ts generateGstSummaryPDF","All coop types (no Registered-Society distinction in code) ; cap gst","STATUTORY (GSTR-1/3B; GSTN schema NOT in repo -> EXTERNAL VALIDATION NEEDED)","activeSales/activePurchases/returns in date range, branch scoped","PDF (summary,GSTR-1,GSTR-3B),XLSX (2 sheets),CSV (output slabs only),JSON (GSTR-1,GSTR-3B)","No","Yes","NOT FILING-READY","GstSummary.tsx:43-262,335-546,610-624; moduleCatalog.ts:143"
"GSTR-9 Annual Return (draft)","/gstr-9","src/pages/GSTR9.tsx + lib/gstr9.ts + lib/gstExport.ts","All coop types (no Registered-Society distinction in code) ; cap gst","STATUTORY (GSTR-9 - annual return; EXTERNAL VALIDATION NEEDED)","sales/purchases (branch scoped) + returns (NOT branch scoped)","CSV,JSON (draft)","No","Yes","DRAFT ONLY - does not follow GSTR-9 table structure","GSTR9.tsx:39-50,63-80,83-92; gstr9.ts:13,101-102; gstExport.ts:14-40"
"E-Way Bill JSON generator","/eway-bill","src/pages/EWayBill.tsx","All coop types (no Registered-Society distinction in code) ; cap gst","STATUTORY-SUPPORT (EWB JSON for NIC portal; schema NOT in repo -> EXTERNAL VALIDATION NEEDED)","sales/purchases >= Rs 50,000 + customers/suppliers + stockItems; ewayBill table","JSON (download + copy)","No","Yes (JSON)","PARTIAL","EWayBill.tsx:82-206,205-215"
"HSN/SAC Master","/hsn-master","src/pages/HsnMaster.tsx","All coop types (no Registered-Society distinction in code) ; cap gst","MANAGEMENT-INTERNAL (master data)","hsn table via hsnSelect (separate from stockItems.hsnCode)","XLSX,CSV","No","Yes","WORKING (disconnected from GSTR-1 HSN)","HsnMaster.tsx:134-143; GstSummary.tsx:243"
"TDS Register (+ Form 26Q text export, challans)","/tds-register","src/pages/TdsRegister.tsx + lib/tds26q.ts","All coop types (no Registered-Society distinction in code) ; cap tds","STATUTORY (TDS register / 26Q; NSDL/TRACES file spec NOT in repo -> EXTERNAL VALIDATION NEEDED)","purchases(tdsAmount>0)+salaryRecords(tds>0)+manual tds_entries + challans","CSV,XLSX,TXT (26Q)","No","Yes","NOT FILING-READY","TdsRegister.tsx:127-216,307-350; tds26q.ts:52-140; moduleCatalog.ts:147"
"TDS Form 16A (summary + per-supplier PDF)","/tds-form16a","src/pages/TdsForm16A.tsx","All coop types (no Registered-Society distinction in code) ; cap tds","STATUTORY-LOOKING (statutory Form 16A is TRACES-issued; EXTERNAL VALIDATION NEEDED)","purchases(tdsAmount>0) only","PDF,XLSX,CSV","No","Yes","WORKING-WITH-DEFECTS (not the statutory certificate)","TdsForm16A.tsx:52-66,99-165,204; moduleCatalog.ts:146"
"Form 24Q quarterly summary (dialog) + CSV","/salary","src/pages/SalaryManagement.tsx + lib/form24Q.ts","All coop types (no Registered-Society distinction in code)","STATUTORY-SUPPORT (24Q is filed via FVU/TRACES; no filing file here)","salaryRecords (legacy payroll)","CSV only","No","Yes","PARTIAL","SalaryManagement.tsx:285-293; form24Q.ts:36-62"
"Salary slip PDF (legacy payroll)","/salary","src/pages/SalaryManagement.tsx + pdf.ts generateSalarySlipPDF","All coop types (no Registered-Society distinction in code)","MANAGEMENT-INTERNAL / employee document","salaryRecords + employees","PDF (A5)","No","Yes","WORKING-WITH-DEFECTS","SalaryManagement.tsx:1235-1238; pdf.ts:1620-1717"
"Salary history list","/salary","src/pages/SalaryManagement.tsx","All coop types (no Registered-Society distinction in code)","MANAGEMENT-INTERNAL","salaryRecords (ALL, ignores on-screen filters)","XLSX,CSV","No","Yes","WORKING-WITH-DEFECTS","SalaryManagement.tsx:553-564"
"Payroll (new engine): run register CSV, payslip print, PF ECR, service record","/payroll","src/pages/Payroll.tsx","All coop types (no Registered-Society distinction in code)","STATUTORY-SUPPORT (payslip, ECR) / MANAGEMENT-INTERNAL","payroll_* RPCs (pay_payslip_lines etc.)","CSV,TXT (ECR),HTML print","Yes (payslip, service record)","Yes","WORKING","Payroll.tsx:298,659-770,774-830,1376-1379,1428"
"PF/ESI computation + ECR + ESI CSV","/pf-esi","src/pages/PfEsi.tsx","All coop types (no Registered-Society distinction in code) ; cap pf_esi","STATUTORY (EPFO ECR / ESIC; specs NOT in repo -> EXTERNAL VALIDATION NEEDED)","LabourDataContext computePfEsi on musterEntries","TXT (ECR),CSV (ESI)","No","Yes","PARTIAL","PfEsi.tsx:73-110; moduleCatalog.ts:127"
"Wage Register (muster-cum-wage)","/wage-register","src/pages/WageRegister.tsx","All coop types (no Registered-Society distinction in code) ; cap labour","STATUTORY-SUPPORT (labour wage register; form layout not sourced -> EXTERNAL VALIDATION NEEDED)","musterEntries by work order + month","Browser print only","Yes (CSS visibility hack)","No","PARTIAL","WageRegister.tsx:35-146; moduleCatalog.ts:124"
"Wage Slip (labour)","/wage-slip","src/pages/WageSlip.tsx","All coop types (no Registered-Society distinction in code) ; cap labour","STATUTORY-SUPPORT / employee document","musterEntries + computePfEsi(DEFAULTS)","Browser print only","Yes","No","WORKING-WITH-DEFECTS","WageSlip.tsx:33-43; moduleCatalog.ts:128"
"Muster Roll","/muster-roll","src/pages/MusterRoll.tsx","All coop types (no Registered-Society distinction in code) ; cap labour","STATUTORY-SUPPORT (muster roll)","musterEntries","CSV,XLSX via EntityExportButton (whole table, not filtered)","No","Yes","PARTIAL (no print format)","MusterRoll.tsx:78-79,148"
"Worker Ledger","/worker-ledger","src/pages/WorkerLedger.tsx","All coop types (no Registered-Society distinction in code) ; cap labour","MANAGEMENT-INTERNAL","musterEntries + workerAdvances (lifetime)","none","No","No","ON-SCREEN ONLY","WorkerLedger.tsx:16-33"
"Department Bills","/department-bills","src/pages/DepartmentBills.tsx","All coop types (no Registered-Society distinction in code) ; labour contract","MANAGEMENT-INTERNAL (no printable invoice/running bill)","departmentBills","CSV,XLSX via EntityExportButton","No","Yes","PARTIAL (no bill document)","DepartmentBills.tsx:58-61,141"
"Work Orders","/work-orders","src/pages/WorkOrders.tsx","All coop types (no Registered-Society distinction in code) ; labour contract","MANAGEMENT-INTERNAL","workOrders","CSV,XLSX via EntityExportButton","No","Yes","PARTIAL","WorkOrders.tsx:138"
"Work Order Profit","/work-order-profit","src/pages/WorkOrderProfit.tsx","All coop types (no Registered-Society distinction in code) ; labour contract","MANAGEMENT-INTERNAL","departmentBills + musterEntries","none","No","No","ON-SCREEN ONLY, overstated profit","WorkOrderProfit.tsx:17-30"
"Worker Advances / Worker Master / Department Master","/worker-advances ; /worker-master ; /department-master","src/pages/WorkerAdvances.tsx ; WorkerMaster.tsx ; DepartmentMaster.tsx","All coop types (no Registered-Society distinction in code) ; labour","MANAGEMENT-INTERNAL (masters)","LabourDataContext","none (grep: no export/print calls)","No","No","UNVERIFIED (not opened in depth; grep shows no export)","App.tsx:425-428; grep export counts"
"Procurement Lots / Match (marketing federation)","/procurement-lots ; /procurement-match","src/pages/ProcurementLots.tsx ; ProcurementMatch.tsx","All coop types (no Registered-Society distinction in code) ; cap procurement_msp","MANAGEMENT-INTERNAL / AUDIT-USEFUL","procurementLots, settlements, engine vouchers","none (grep)","No","No","UNVERIFIED (not opened in depth)","App.tsx:370,383; grep export counts = 0"
"Procurement Registers (procurement, settlement, farmer ledger, commodity)","/procurement-registers","src/pages/marketing/ProcurementRegisters.tsx + lib/marketing/registers.ts","All coop types (no Registered-Society distinction in code) ; cap procurement_msp","AUDIT-USEFUL","procurementLots (all statuses, createdAt date) + settlements","CSV (3 of 4 tabs)","No","Yes","WORKING-WITH-DEFECTS","ProcurementRegisters.tsx:39-79; registers.ts:31-64"
"Kachi Aarat Register (HAFED Proforma 8)","/kachi-aarat","src/pages/KachiAaratRegister.tsx + lib/annualReview/p8Pdf.ts","All coop types (no Registered-Society distinction in code) ; cap haryana_compliance (Haryana-only)","STATUTORY-SUPPORT (state federation proforma; no primary copy in repo, AUDIT_NCDC_Compliance_Report.md:64 -> EXTERNAL VALIDATION NEEDED)","kachi_aarat entries","CSV,XLSX via EntityExportButton; generateP8PDF exists but is imported by NOTHING","No","Yes (flat export)","PARTIAL (P8 PDF unreachable)","KachiAaratRegister.tsx:172; p8Pdf.ts:15; grep shows no importer"
"Milk Collection + milk slip","/milk-collection","src/pages/MilkCollection.tsx + lib/dairy/slip.ts","All coop types (no Registered-Society distinction in code) ; cap dairy_collection","MANAGEMENT-INTERNAL / farmer receipt","milkEntries","HTML print window (80mm slip)","Yes (slip)","No","WORKING-WITH-DEFECTS","MilkCollection.tsx:24-25; slip.ts:14-62"
"Dairy Registers (collection, settlement, recovery, passbook)","/dairy-registers","src/pages/dairy/DairyRegisters.tsx + lib/dairy/registers.ts","All coop types (no Registered-Society distinction in code) ; cap dairy_collection","AUDIT-USEFUL","milkEntries + settlements","CSV (collection, settlement only)","No","Yes","WORKING-WITH-DEFECTS","DairyRegisters.tsx:21-45; registers.ts:21-50"
"Farmer Settlement / Dairy Distribution / Rate Charts / Milk Dispatch / Dairy Inputs","/farmer-settlement ; /dairy-distribution ; /dairy-rate-charts ; /milk-dispatch ; /dairy-inputs","src/pages/dairy/*.tsx","All coop types (no Registered-Society distinction in code) ; dairy","MANAGEMENT-INTERNAL / AUDIT-USEFUL","dairy context tables","CSV,XLSX,JSON via EntityExportButton (Settlement, Dispatch, Inputs, RateCharts); CSV (Distribution)","No","Yes (flat table export)","PARTIAL (no printable settlement slip)","FarmerSettlement.tsx:145; DairyDistribution.tsx:12; entities/dairy.ts:100-126"
"Consumer Registers (counter Z-summary, member outstanding/ageing)","/consumer-registers","src/pages/consumer/ConsumerRegisters.tsx + lib/consumer/registers.ts","All coop types (no Registered-Society distinction in code) ; cap pos_billing","AUDIT-USEFUL / MANAGEMENT-INTERNAL","sales (all, not counter-only) + memberRecoveries","CSV","No","Yes","WORKING-WITH-DEFECTS","ConsumerRegisters.tsx:30-51; registers.ts:18-37,65-86"
"Sales Return / Purchase Return (credit/debit notes)","/sales-return ; /purchase-return","src/pages/consumer/SalesReturn.tsx ; PurchaseReturn.tsx","All coop types (no Registered-Society distinction in code) ; GST credit/debit note","STATUTORY-SUPPORT (GST credit/debit note - section 34; EXTERNAL VALIDATION NEEDED)","salesReturns / purchaseReturns","CSV (list); NO credit-note/debit-note PDF","No","Yes","PARTIAL (no printable note)","SalesReturn.tsx:18; PurchaseReturn.tsx:18; grep: no pdf import"
"Patronage / Dividend / Expiry-Damage / Price Lists / Purchase Orders / Barcode labels","/patronage ; /consumer-dividend ; /expiry-damage ; /price-lists ; /purchase-orders ; /barcode-labels","src/pages/consumer/*.tsx","All coop types (no Registered-Society distinction in code) ; consumer","MANAGEMENT-INTERNAL (Patronage/Dividend = appropriation support)","consumer context","CSV (Patronage, Dividend, Expiry); EntityExport (PriceLists, PO); browser print (Barcode labels)","Barcode labels only","Yes (CSV)","UNVERIFIED (formulas not audited in this slice)","Patronage.tsx:14,67; Dividend.tsx:14,48; ExpiryDamage.tsx:85; BarcodeLabels.tsx"
"Retail Counter invoice (POS)","/retail-counter","src/pages/consumer/RetailCounter.tsx","All coop types (no Registered-Society distinction in code) ; cap pos_billing","STATUTORY (GST invoice/bill of supply)","sales via pos GST (lib/consumer/posGst.ts)","PDF via generateSaleInvoicePDF","Printer -> PDF","Yes","WORKING-WITH-DEFECTS (shares invoice PDF defects)","RetailCounter.tsx:19; pdf.ts:2532"
"Maintenance Billing: bill PDF + receipt PDF","/maintenance-billing","src/pages/MaintenanceBilling.tsx + pdf.ts generateMaintenanceBillPDF / ReceiptPDF","All coop types (no Registered-Society distinction in code) ; Housing coop (cap housing)","AUDIT-USEFUL / member document","maintenanceBills + housingFlats","PDF (bill, receipt)","No","Yes","WORKING-WITH-DEFECTS","MaintenanceBilling.tsx:99-104; pdf.ts:1116-1182"
"Housing Flats / Charge Heads / Parking / Buildings registers","/flats-register ; /charge-heads ; /parking ; /buildings","src/pages/FlatsRegister.tsx ; ChargeHeads.tsx ; Parking.tsx ; Buildings.tsx","All coop types (no Registered-Society distinction in code) ; Housing coop","MANAGEMENT-INTERNAL (masters)","HousingDataContext","Parking: EntityExportButton; others none (grep)","No","Partial","UNVERIFIED (not opened in depth)","Parking.tsx:13; grep export counts = 0"
"Marketing masters: Agency Receipts / Transport / Procurement Masters","/agency-receipts ; /transport ; /procurement-masters","src/pages/marketing/*.tsx","All coop types (no Registered-Society distinction in code) ; marketing/procurement","MANAGEMENT-INTERNAL","MarketingDataContext","Transport: EntityExportButton; others none","No","Partial","UNVERIFIED (not opened in depth)","Transport.tsx:12,60"
