Report,Route,Component,EntityType,Category,DataSource,Formats,PrintAvailable,DownloadAvailable,Status,Evidence
Export Center (registry-driven CSV/XLSX/JSON),/export-center,src/pages/ExportCenter.tsx,All society-scoped entities (capability-gated),AUDIT-USEFUL / MANAGEMENT-INTERNAL,Supabase select(*) .eq(society_id) via src/lib/export/source.ts,CSV; XLSX; JSON,No,Yes,WORKING - no FY/branch/date filter; full-mode PII open to viewer,"App.tsx:442; moduleCatalog.ts:191; ExportCenter.tsx:42-46,140-175; source.ts:131-149"
Per-page EntityExportButton,embedded in 21 pages,src/components/export/EntityExportButton.tsx,All registry entities,AUDIT-USEFUL,Re-reads DB via runEntityExport (not screen rows),CSV; XLSX,No,Yes,WORKING - standard mode only; ignores page filters by design,"EntityExportButton.tsx:19-26,73-100"
"Export runner (fetch, refuse-truncated, authz, audit, deliver)",n/a,src/lib/export/run.ts,n/a,infra,fetchEntityRows then exportEntity,CSV; XLSX; JSON,n/a,n/a,WORKING - 50000 row cap refuses partial files,run.ts:45-86; source.ts:48-49
Export generator + authorizeExport,n/a,src/lib/export/generator.ts,n/a,infra,pure projection; recordExport awaited before download,CSV; XLSX; JSON,n/a,n/a,WORKING - authorization runs in the browser only; export mode not authorized separately,"generator.ts:84-104,205-235"
Export preflight (row count),/export-center,src/lib/export/preflight.ts,n/a,infra,select count head:true .eq(society_id),n/a,n/a,n/a,WORKING,preflight.ts:100-112
Export audit adapter (recordExport),n/a,src/lib/export/audit.ts; src/lib/auditLog.ts,n/a,infra,audit_log insert (WORM),n/a,n/a,n/a,WORKING for registry path only; 29+ page exporters and 32 pdf.ts generators are unaudited,audit.ts:75-88; auditLog.ts:173-177
Export history reader,/backup-restore (BackupRestore.tsx),src/lib/export/jobs.ts,n/a,AUDIT-USEFUL,audit_log select .eq(society_id),n/a,No,No,WORKING - header comment about using(true) is stale (007 replaced it),jobs.ts:25-34; 007_rls_tenant_isolation.sql:76-120
"Shared PDF helpers (addHeader, addPageNumbers, addSignatureBlock, pdfFileName, rightAlignAmountColumns)",n/a,src/lib/pdf.ts:16-294,n/a,infra,SocietySettings + caller rows,PDF,No,Yes,WORKING with defects (see D-01..D-08),"pdf.ts:43-51,71-77,80-105,125-174,219-294"
Hindi font loader,app start,src/lib/fontLoader.ts,n/a,infra,fetch jsDelivr @main NotoSansDevanagari TTF,n/a,n/a,n/a,"DEAD CODE - fetched at every load, no consumer of getHindiFont","fontLoader.ts:4-5,37; App.tsx:220; grep getHindiFont = 0 consumers"
CSV builder/downloader,n/a,src/lib/exportUtils.ts,n/a,infra,caller rows,"CSV (UTF-8 BOM, CRLF, all fields quoted)",n/a,Yes,WORKING - no formula-injection neutralisation,"exportUtils.ts:60-65,148-155"
XLSX workbook builder,n/a,src/lib/exportUtils.ts,n/a,infra,caller rows,XLSX (README sheet opt-in),n/a,Yes,"WORKING - throws on invalid chars, duplicate truncated names, cells over 32767 chars",exportUtils.ts:99-113
Print stylesheet (global),all,src/index.css:264-290,n/a,infra,CSS,Print,Partial,n/a,MINIMAL - only .no-print/.print-only/.report-table; app sidebar/header not hidden,index.css:264-290; no print rules in src/components/layout/*
"window.print pages (Advance/Wage register, Wage slip, Day Book, Guide cert, Calculators)",various,9 files,n/a,MANAGEMENT-INTERNAL,page DOM,Print,Yes,n/a,Per-page visibility hacks only,AdvanceRegister.tsx:36; WageRegister.tsx:74; WageSlip.tsx:74; CalculatorShell.tsx:193
"Popup print documents (Payroll slips, Godowns docs, Dairy slip, Barcode labels)",various,Payroll.tsx; Godowns.tsx; lib/dairy/slip.ts; BarcodeLabels.tsx,n/a,MANAGEMENT-INTERNAL,document.write HTML,Print,Yes,n/a,WORKING - values HTML-escaped (Payroll esc omits double quote),"Payroll.tsx:302,313,370; Godowns.tsx:82-87; slip.ts:8,51"
